Month,Snapshot_Date,Core_MRR,Suspense_MRR,Total_MRR,Total_ARR,Active_Clients,Beginning_MRR,New_MRR,Expansion_MRR,Reactivation_MRR,Contraction_MRR,Churned_MRR,Net_New_MRR,New_Clients,Expansion_Clients,Reactivation_Clients,Contraction_Clients,Churned_Clients,Clients_With_Invoices,Inv_New_Clients,Inv_Expansion_Clients,Inv_Reactivation_Clients,Inv_Contraction_Clients,Inv_Churn_Clients,Inv_Retained_Flat_Clients,Inv_No_Month_End_MRR_Clients,NRR_Pct,GRR_Pct,Logo_Churn_Pct,Quick_Ratio,ARPU,Row_Type
2021-03,2021-03-31,10231.28,723.33,10954.61,131455.33,23,0.0,10231.28,0.0,0.0,0.0,0.0,10231.28,23,0,0,0,0,23,23,0,0,0,0,0,0,,,,,444.84,ACTUAL_MONTH_END
2021-04,2021-04-30,20738.03,3234.0,23972.03,287664.33,58,10231.28,10471.75,35.0,0.0,0.0,0.0,10506.75,35,2,0,0,0,38,35,2,0,0,0,1,0,100.34,100.0,0.0,,357.55,ACTUAL_MONTH_END
2021-05,2021-05-31,30267.22,1225.2,31492.43,377909.11,101,20738.03,13971.19,1449.0,0.0,0.0,5891.0,9529.19,47,1,0,0,4,48,47,1,0,0,0,0,0,78.58,71.59,6.9,2.62,299.68,ACTUAL_MONTH_END
2021-06,2021-06-30,45669.16,1758.13,47427.29,569127.48,167,30267.22,23043.93,19.0,250.0,24.0,7887.0,15401.93,85,1,1,2,20,92,85,1,1,2,0,2,1,73.93,73.86,19.8,2.95,273.47,ACTUAL_MONTH_END
2021-07,2021-07-31,83778.07,3070.74,86848.8,1042185.66,319,45669.16,49816.39,374.02,0.0,717.5,11364.0,38108.91,178,3,0,2,26,189,178,3,0,1,0,7,0,74.36,73.55,15.57,4.15,262.63,ACTUAL_MONTH_END
2021-08,2021-08-31,105927.43,3070.74,108998.17,1307977.99,436,83778.07,36938.61,169.58,1216.42,1836.25,14339.0,22149.36,150,3,5,15,38,188,150,3,5,15,0,15,0,80.9,80.69,11.91,2.37,242.95,ACTUAL_MONTH_END
2021-09,2021-09-30,132718.82,6435.71,139154.53,1669854.4,564,105927.43,49583.78,799.58,1338.33,1477.31,23453.0,26791.39,198,5,4,11,74,240,198,5,4,11,0,22,0,77.22,76.46,16.97,2.07,235.32,ACTUAL_MONTH_END
2021-10,2021-10-31,169013.76,6494.85,175508.62,2106103.38,709,132718.82,50882.33,564.61,2365.92,1341.92,16176.0,36294.94,186,8,8,13,49,245,186,8,8,12,0,31,0,87.23,86.8,8.69,3.07,238.38,ACTUAL_MONTH_END
2021-11,2021-11-30,180118.06,6494.85,186612.91,2239354.94,846,169013.76,39711.61,18.0,2208.92,5000.23,25834.0,11104.3,220,3,6,33,89,281,220,3,6,33,0,19,0,81.77,81.76,12.55,1.36,212.91,ACTUAL_MONTH_END
2021-12,2021-12-31,196767.91,6884.34,203652.25,2443826.98,934,180118.06,43169.93,646.5,2112.83,1468.42,27811.0,16649.85,166,10,7,10,85,223,166,10,7,9,0,31,0,84.1,83.74,10.05,1.57,210.67,ACTUAL_MONTH_END
2022-01,2022-01-31,209877.99,6884.34,216762.33,2601147.98,969,196767.91,37368.08,2206.75,3264.33,3696.08,26033.0,13110.08,131,11,12,27,108,207,131,11,12,25,0,28,0,86.01,84.89,11.56,1.44,216.59,ACTUAL_MONTH_END
2022-02,2022-02-28,223991.88,8691.51,232683.39,2792200.72,1022,209877.99,39431.97,302.86,3180.31,1145.25,27656.0,14113.89,131,10,14,11,92,187,131,10,14,10,0,21,1,86.42,86.28,9.49,1.49,219.17,ACTUAL_MONTH_END
2022-03,2022-03-31,216772.24,2444.25,219216.49,2630597.9,1023,223991.88,20726.78,1008.58,3192.08,2891.08,29256.0,-7219.64,74,22,12,22,85,164,74,22,12,21,0,35,0,86.1,85.65,8.32,0.78,211.9,ACTUAL_MONTH_END
2022-04,2022-04-30,220069.44,4134.17,224203.61,2690443.34,1055,216772.24,18586.67,1683.75,8056.61,2075.67,22954.17,3297.19,80,22,24,22,72,150,80,22,24,19,0,4,1,89.23,88.45,7.04,1.13,208.6,ACTUAL_MONTH_END
2022-05,2022-05-31,229152.72,5566.18,234718.89,2816626.74,1094,220069.44,22454.53,1811.33,2502.64,637.97,17047.25,9083.28,88,21,7,8,56,125,88,21,7,8,0,1,0,92.79,91.96,5.31,1.51,209.46,ACTUAL_MONTH_END
2022-06,2022-06-30,241832.97,6908.49,248741.46,2984897.48,1169,229152.72,19917.93,275.08,4445.33,4228.76,7729.33,12680.25,90,13,13,12,28,131,90,13,13,11,0,4,0,94.9,94.78,2.56,2.06,206.87,ACTUAL_MONTH_END
2022-07,2022-07-31,261886.19,8219.53,270105.72,3241268.62,1250,241832.97,23054.11,1982.67,1166.67,2649.06,3501.17,20053.23,96,10,4,24,19,147,96,10,4,23,0,10,4,98.28,97.46,1.63,4.26,209.51,ACTUAL_MONTH_END
2022-08,2022-08-31,278694.59,9612.41,288307.0,3459683.98,1328,261886.19,28729.44,430.0,4382.42,4790.89,11942.58,16808.39,114,14,11,48,47,194,114,14,11,44,0,7,4,93.77,93.61,3.76,2.0,209.86,ACTUAL_MONTH_END
2022-09,2022-09-30,285258.52,10905.03,296163.55,3553962.55,1383,278694.59,26476.28,1327.6,2257.42,2968.86,20528.5,6563.93,120,18,8,31,73,184,120,18,8,30,0,8,0,92.05,91.57,5.5,1.28,206.26,ACTUAL_MONTH_END
2022-10,2022-10-31,300363.59,10508.66,310872.25,3730467.0,1459,285258.52,29030.68,3328.92,847.31,2527.83,15574.0,15105.08,133,24,6,31,63,195,133,24,6,27,0,5,0,94.82,93.65,4.56,1.83,205.87,ACTUAL_MONTH_END
2022-11,2022-11-30,318909.92,12920.04,331829.96,3981959.53,1511,300363.59,30497.25,4645.69,2929.17,2918.61,16607.17,18546.33,110,30,11,21,69,173,110,30,11,19,0,3,0,95.05,93.5,4.73,1.95,211.06,ACTUAL_MONTH_END
2022-12,2022-12-31,327534.18,12987.03,340521.21,4086254.51,1511,318909.92,24302.19,4668.45,3940.81,2855.94,21431.24,8624.26,100,39,14,29,114,179,100,39,14,25,0,1,0,93.85,92.38,7.54,1.36,216.77,ACTUAL_MONTH_END
2023-01,2023-01-31,380698.91,14694.08,395392.98,4744715.81,1712,327534.18,59785.31,2335.61,4477.42,1252.36,12181.25,53164.73,237,21,19,18,55,298,237,21,19,17,0,4,0,96.61,95.9,3.64,4.96,222.37,ACTUAL_MONTH_END
2023-02,2023-02-28,533754.07,14994.08,548748.15,6584977.79,2266,380698.91,146438.83,4738.06,13845.0,730.22,11236.5,153055.17,549,34,54,9,49,649,549,34,54,7,0,5,0,98.1,96.86,2.86,13.79,235.55,ACTUAL_MONTH_END
2023-03,2023-03-31,597475.02,13998.01,611473.03,7337676.31,2479,533754.07,67278.75,7474.21,4455.58,2866.68,12620.92,63720.94,244,43,15,17,46,319,244,43,15,15,0,2,0,98.5,97.1,2.03,5.11,241.01,ACTUAL_MONTH_END
2023-04,2023-04-30,650271.4,13935.89,664207.29,7970487.48,2687,597475.02,65370.94,4201.59,1733.08,3655.74,14853.5,52796.38,253,31,8,31,53,317,253,31,8,24,0,1,0,97.61,96.9,2.14,3.85,242.01,ACTUAL_MONTH_END
2023-05,2023-05-31,690384.09,17159.44,707543.53,8490522.33,2831,650271.4,49975.25,5808.44,5088.11,5096.19,15662.92,40112.69,184,43,19,60,59,322,184,43,19,55,0,21,0,97.7,96.81,2.2,2.93,243.87,ACTUAL_MONTH_END
2023-06,2023-06-30,734657.96,19498.21,754156.18,9049874.11,2972,690384.09,65693.92,7118.14,3215.64,2117.64,29636.19,44273.87,224,35,13,29,96,305,224,35,13,25,0,8,0,96.43,95.4,3.39,2.39,247.19,ACTUAL_MONTH_END
2023-07,2023-07-31,802221.46,19498.21,821719.67,9860636.04,3190,734657.96,72393.92,11958.27,4813.56,4288.14,17314.1,67563.49,267,53,18,34,67,370,267,53,18,24,0,8,0,98.69,97.06,2.25,4.13,251.48,ACTUAL_MONTH_END
2023-08,2023-08-31,879301.31,19498.21,898799.52,10785594.24,3397,802221.46,77371.66,10958.67,9996.58,5029.31,16217.76,77079.85,244,77,24,35,61,380,244,77,24,20,0,15,0,98.72,97.35,1.91,4.63,258.85,ACTUAL_MONTH_END
2023-09,2023-09-30,933308.49,19498.21,952806.7,11433680.4,3596,879301.31,76354.62,6892.91,3256.44,11729.13,20767.67,54007.18,261,61,12,36,74,366,261,61,12,29,0,3,0,97.09,96.3,2.18,2.66,259.54,ACTUAL_MONTH_END
2023-10,2023-10-31,1021534.89,19498.21,1041033.11,12492397.29,3796,933308.49,86850.98,17448.84,7179.81,2136.89,21116.33,88226.41,249,81,25,29,74,389,249,81,25,27,0,7,0,99.38,97.51,2.06,4.79,269.11,ACTUAL_MONTH_END
2023-11,2023-11-30,1100298.45,19498.21,1119796.67,13437559.99,3980,1021534.89,86752.81,12646.74,7580.92,5331.22,22885.69,78763.56,240,77,17,46,73,378,240,77,17,41,0,3,0,98.48,97.24,1.92,3.79,276.46,ACTUAL_MONTH_END
2023-12,2023-12-31,1175475.32,11697.3,1187172.63,14246071.55,4170,1100298.45,80503.0,16282.71,6393.25,3957.01,24045.08,75176.87,251,83,19,35,80,395,251,83,19,29,0,13,0,98.93,97.46,2.01,3.68,281.89,ACTUAL_MONTH_END
2024-01,2024-01-31,1287510.65,11480.72,1298991.38,15587896.52,4430,1175475.32,106746.21,23171.0,9601.82,7403.12,20080.58,112035.33,303,118,31,56,74,510,303,118,31,47,0,11,0,99.63,97.66,1.77,5.08,290.63,ACTUAL_MONTH_END
2024-02,2024-02-29,1391736.9,11480.72,1403217.63,16838611.52,4682,1287510.65,124007.5,22383.76,6782.25,19884.23,29063.03,104226.25,330,175,22,160,100,655,330,175,22,112,0,16,0,97.94,96.2,2.26,3.13,297.25,ACTUAL_MONTH_END
2024-03,2024-03-31,1484673.48,11480.72,1496154.2,17953850.36,4902,1391736.9,132036.7,22846.84,6963.61,12172.74,56737.83,92936.57,361,118,19,85,160,566,361,117,19,58,0,11,0,96.69,95.05,3.42,2.35,302.87,ACTUAL_MONTH_END
2024-04,2024-04-30,1656783.99,11480.72,1668264.71,20019176.52,5235,1484673.48,180620.83,32694.47,6114.0,8728.92,38589.87,172110.51,422,125,19,55,108,613,422,125,19,45,0,2,0,99.01,96.81,2.2,4.64,316.48,ACTUAL_MONTH_END
2024-05,2024-05-31,1860247.88,11480.72,1871728.6,22460743.23,5589,1656783.99,194553.6,38615.69,14155.86,4068.17,39793.08,203463.89,440,151,29,38,115,655,440,151,29,32,0,3,0,99.68,97.35,2.2,5.64,332.84,ACTUAL_MONTH_END
2024-06,2024-06-30,2010428.32,15376.82,2025805.14,24309661.63,5884,1860247.88,158244.85,32645.85,9683.0,10922.74,39470.53,150180.44,362,149,25,52,92,581,362,149,25,38,0,7,0,99.05,97.29,1.65,3.98,341.68,ACTUAL_MONTH_END
2024-07,2024-07-31,2215570.81,14544.24,2230115.05,26761380.58,6279,2010428.32,211758.22,35696.77,12058.31,14413.69,39957.12,205142.49,471,143,30,83,106,729,471,143,30,65,0,20,0,99.07,97.3,1.8,4.77,352.85,ACTUAL_MONTH_END
2024-08,2024-08-31,2414635.5,13804.29,2428439.8,29141277.56,6650,2215570.81,224512.1,29599.2,16895.25,19510.39,52431.47,199064.7,471,153,35,85,135,738,471,153,35,67,0,12,0,98.09,96.75,2.15,3.77,363.1,ACTUAL_MONTH_END
2024-09,2024-09-30,2561507.67,17051.05,2578558.73,30942704.72,6933,2414635.5,181986.14,25243.02,11905.75,19295.99,52966.75,146872.17,388,163,29,72,134,651,388,163,29,56,0,15,0,98.05,97.01,2.02,3.03,369.47,ACTUAL_MONTH_END
2024-10,2024-10-31,2789814.37,17300.94,2807115.31,33685383.7,7307,2561507.67,242045.63,37896.36,17090.54,19915.33,48810.5,228306.69,473,176,40,90,139,766,473,176,40,70,0,7,0,98.8,97.32,2.0,4.32,381.8,ACTUAL_MONTH_END
2024-11,2024-11-30,2957372.32,20511.24,2977883.56,35734602.68,7554,2789814.37,193700.69,38885.58,17700.24,15317.93,67410.63,167557.95,380,198,36,83,169,680,380,198,36,63,0,3,0,98.43,97.03,2.31,3.03,391.5,ACTUAL_MONTH_END
2024-12,2024-12-31,3153054.43,20511.24,3173565.66,38082787.96,7850,2957372.32,218584.27,43080.17,17353.14,19176.67,64158.81,195682.11,418,197,36,89,158,722,418,197,36,66,0,5,0,98.64,97.18,2.09,3.35,401.66,ACTUAL_MONTH_END
2025-01,2025-01-31,3410831.7,20511.24,3431342.94,41176115.27,8227,3153054.43,282973.53,50068.28,20568.69,29595.48,66237.75,257777.28,496,218,44,118,163,862,496,217,44,95,0,10,0,98.55,96.96,2.08,3.69,414.59,ACTUAL_MONTH_END
2025-02,2025-02-28,3591130.59,20511.24,3611641.83,43339701.96,8517,3410831.7,204836.03,51722.6,14919.44,20867.18,70312.0,180298.89,421,254,31,102,162,805,421,254,31,76,0,23,0,98.84,97.33,1.97,2.98,421.64,ACTUAL_MONTH_END
2025-03,2025-03-31,3816640.2,20511.24,3837151.44,46045817.27,8872,3591130.59,237540.45,62807.55,26463.89,18130.09,83172.19,225509.61,486,231,48,101,179,881,486,231,48,85,0,31,0,98.93,97.18,2.1,3.23,430.19,ACTUAL_MONTH_END
2025-04,2025-04-30,4005731.42,20511.24,4026242.65,48314911.84,9135,3816640.2,229196.16,47257.42,27639.42,23320.03,91681.75,189091.21,439,201,44,125,220,818,439,201,44,98,0,36,0,98.23,96.99,2.48,2.64,438.5,ACTUAL_MONTH_END
2025-05,2025-05-31,4219463.6,12004.11,4231467.71,50777612.53,9400,4005731.42,267744.29,63910.38,16405.61,29222.63,105105.47,213732.18,458,224,28,118,221,834,458,224,28,93,0,31,0,98.24,96.65,2.42,2.59,448.88,ACTUAL_MONTH_END
2025-06,2025-06-30,4379427.38,11222.63,4390650.01,52687800.15,9629,4219463.6,215004.31,77039.57,17579.15,32832.19,116827.06,159963.78,429,232,37,114,237,818,429,232,37,88,0,32,0,98.28,96.45,2.52,2.07,454.82,ACTUAL_MONTH_END
2025-07,2025-07-31,4642844.65,11857.19,4654701.85,55856422.18,9989,4379427.38,280147.56,92613.24,29677.13,28627.17,110393.48,263417.28,509,256,57,137,206,971,509,256,57,107,0,42,0,98.94,96.83,2.14,2.89,464.8,ACTUAL_MONTH_END
2025-08,2025-08-31,4824592.12,11857.19,4836449.32,58037391.79,10189,4642844.65,217717.52,100532.85,22713.9,34623.1,124593.7,181747.47,391,291,39,129,230,857,391,291,39,99,0,37,0,98.74,96.57,2.3,2.14,473.51,ACTUAL_MONTH_END
2025-09,2025-09-30,5016308.55,11857.19,5028165.74,60337988.93,10340,4824592.12,238231.33,85408.38,27123.87,31562.69,127484.46,191716.43,357,263,46,112,252,779,357,263,46,75,0,38,0,98.47,96.7,2.47,2.21,485.14,ACTUAL_MONTH_END
2025-10,2025-10-31,5243456.77,10783.76,5254240.53,63050886.34,10619,5016308.55,260680.27,82851.47,48183.6,47613.38,116953.74,227148.22,424,295,78,176,223,951,424,295,78,130,0,24,0,98.37,96.72,2.16,2.38,493.78,ACTUAL_MONTH_END
2025-11,2025-11-30,5408552.17,10644.87,5419197.04,65030364.48,10838,5243456.77,238414.19,89950.66,36595.81,46019.03,153846.22,165095.4,419,268,63,188,263,921,419,267,63,151,0,21,0,97.9,96.19,2.48,1.83,499.04,ACTUAL_MONTH_END
2025-12,2025-12-31,5625931.09,10644.87,5636575.96,67638911.49,11157,5408552.17,270145.5,101910.22,33345.0,53955.58,134066.23,217378.92,487,287,60,172,228,987,487,287,60,120,0,33,0,98.41,96.52,2.1,2.16,504.25,ACTUAL_MONTH_END
2026-01,2026-01-31,5844201.42,9778.23,5853979.65,70247755.81,11367,5625931.09,307023.42,117223.41,36798.38,63334.32,179440.57,218270.33,454,351,50,170,294,989,454,351,50,105,0,29,0,97.77,95.68,2.64,1.9,514.14,ACTUAL_MONTH_END
2026-02,2026-02-28,5994893.29,9778.23,6004671.52,72056058.25,11497,5844201.42,256616.16,116637.26,54443.69,62907.36,214097.88,150691.87,449,364,59,184,378,1021,449,364,59,117,0,32,0,97.26,95.26,3.33,1.54,521.43,ACTUAL_MONTH_END
