userId,group,sentAt,businessId
61b09c1bebe86a0012fd75f1,CONTROL,"",61b09c1bebe86a0012fd75fe
64993f4b65886a0011fda02f,CONTROL,"",64993f4cb470710011e38389
64993f4b65886a0011fda02f,CONTROL,"",6a7020cf5861b300123f9d64
65d045b1737ddf001914f1bd,TREATED,"31 Jul 2026, 15:58",65d045b1737ddf001914f1ca
66025c8152c67d00e5ba0fef,TREATED,"30 Jul 2026, 11:46",66117ed709f8170020790bb5
66025c8152c67d00e5ba0fef,TREATED,"30 Jul 2026, 11:46",6a3c95a1cb6c4100216bf819
660a6a497ac0110040a665b4,CONTROL,"",660a6a4a7ac0110040a665c1
66448038d6353600129400bd,TREATED,"30 Jul 2026, 17:02",66448038d6353600129400ca
67d28d460bdd780047e1802f,CONTROL,"",67d0692b488c9e0027a3b93e
67e91d8d070c270043ef0aef,TREATED,"29 Jul 2026, 17:25",67e91d8e070c270043ef0b0f
67e91d8d070c270043ef0aef,TREATED,"29 Jul 2026, 17:25",6a69e92d60788e00252b2319
67fe791fc8f80f00351a10b1,TREATED,"30 Jul 2026, 12:39",67fe791fc8f80f00351a10c0
6815eb57d64117002ea85390,TREATED,"30 Jul 2026, 13:03",6815eb581faba90012a9092e
6815eb57d64117002ea85390,TREATED,"30 Jul 2026, 13:03",6a670660ab2ddb00120af05a
682892aaee62ac003cb4400d,CONTROL,"",68627846341891003c4ea5de
68b3344bf7f7e800530f7672,TREATED,"30 Jul 2026, 09:59",68b335869c3ac2003da7a7bd
690a0ced42b6750035bde412,TREATED,"31 Jul 2026, 12:32",690a0ced42b6750035bde420
69117322fb25f2003c269372,TREATED,"31 Jul 2026, 20:49",6a2b96cb34698e0031b14df8
6932c305dfbd4000263db4ba,CONTROL,"",6932c460dfbd4000263e580c
694e7cae4fd25a0011a7f3f3,CONTROL,"",694e7cae4fd25a0011a7f408
694e7cae4fd25a0011a7f3f3,CONTROL,"",6a6dbf19d1345b00253e3c90
696612553df35e0018703dbf,CONTROL,"",6966162c51086d001190f1cc
6981d4b30a26ac001f0e2b17,TREATED,"30 Jul 2026, 12:46",69a10f3ba72aaa0026660b3c
69897c2d82ca4100116b93d7,CONTROL,"",69897c2e82ca4100116b93e3
69897c2d82ca4100116b93d7,CONTROL,"",6a6b2bb7da7e4d0021ae87f1
698ab7fe6a8e6e002a51042d,CONTROL,"",698ab846dea4460018ff144a
698ab7fe6a8e6e002a51042d,CONTROL,"",698ab8a23f41b10011eb890c
698ab7fe6a8e6e002a51042d,CONTROL,"",69ce2843b44c14001938c8f5
698ab7fe6a8e6e002a51042d,CONTROL,"",6a6b4625d335e700196dbf98
698ab7fe6a8e6e002a51042d,CONTROL,"",6a6d8abcd1345b002526809c
699c435bc05966001fb98173,TREATED,"31 Jul 2026, 19:59",699c435dda6aea0018c02942
699c435bc05966001fb98173,TREATED,"31 Jul 2026, 19:59",69e46f40f8a7040019de8f21
699fe048dce8f7002a32a069,TREATED,"3 Aug 2026, 12:25",699ff406dce8f7002a3fcac2
699fe048dce8f7002a32a069,TREATED,"3 Aug 2026, 12:25",69a52a3db24a4b0011d8ea8f
699fe048dce8f7002a32a069,TREATED,"3 Aug 2026, 12:25",6a6c6ce2d1345b0025e30ada
69a6816b3eb1e00011e4f08a,CONTROL,"",69a6816b3eb1e00011e4f097
69ac2fea9f41840012f7a5d0,CONTROL,"",69ac2fea9f41840012f7a5e3
69b7e16ad14aef0012e54696,TREATED,"31 Jul 2026, 12:31",69b7e16ad14aef0012e546a2
69c23055e01ac6001297bfa1,TREATED,"31 Jul 2026, 10:48",69c23061a2a6530019a9a7c1
69c6442d5e394400197f6910,CONTROL,"",69c6442d5e394400197f691c
69cf592d966a5d0019cad4c0,CONTROL,"",699dc5fc244e7b001f21a748
69e8a3d7c8115d0020184f24,TREATED,"31 Jul 2026, 18:41",69e8a3d7c8115d0020184f30
69e8d9ee9e764c00127b368c,CONTROL,"",69e8d9ee9e764c00127b369d
69f0903b6a3e2e002bcd991a,CONTROL,"",67762b861b6e1d0224f3345a
69fc4c6529737100200d618b,TREATED,"31 Jul 2026, 10:35",69fc4c6529737100200d61b3
69fc4c6529737100200d618b,TREATED,"31 Jul 2026, 10:35",6a5619bfb5ba5500213f5453
6a059bf3dbb7ca002540b78a,TREATED,"30 Jul 2026, 09:49",6a059bf3dbb7ca002540b7a2
6a07169ef25439002069e584,CONTROL,"",6a07169ef25439002069e5bf
6a0fad01d5dc8c001215b3e4,TREATED,"30 Jul 2026, 10:14",6a0fad01d5dc8c001215b3f0
6a13f7b126c506001209a7a7,CONTROL,"",6a13f7b126c506001209a7b6
6a17d29a37b17200203bd883,CONTROL,"",6a17d3a86f52a000314212dd
6a1ec9a5c76ae60019f187fb,CONTROL,"",6a1ec9a6630c880011c1b76d
6a1ec9a5c76ae60019f187fb,CONTROL,"",6a3ba776478d8c002dcab60c
6a20361dd991830019934fa3,CONTROL,"",6a20369eb2b2880019c650cb
6a22e461acad160020c9cd60,CONTROL,"",6a22e461acad160020c9cd7d
6a2549c6952a5f0012def8ab,CONTROL,"",6a254ad3acad1600203f6a2e
6a2bb641549cce00215b90dd,CONTROL,"",6a2bc079549cce00216125c7
6a2fa9e8c1ba6700122ae1ac,CONTROL,"",6a2fab2f2dada40019955b38
6a30398e3331c100193f741b,TREATED,"31 Jul 2026, 11:22",6a30398e3331c100193f7427
6a34a86178095c002d30111e,CONTROL,"",6a34abb76c2c73002c6f634b
6a38212e0c243800124693af,CONTROL,"",6a382152ff3c15002d90cd97
6a3e482a0b57e0001327dde6,TREATED,"30 Jul 2026, 16:20",6a3e482b0b57e0001327de57
6a3ea21927061200199867b5,TREATED,"30 Jul 2026, 10:46",6a3ea2e9061dfe00310a5038
6a3f638b7d976000218ba1f6,CONTROL,"",6a3f638b7d976000218ba202
6a436a6596bf5e0012222bbc,TREATED,"29 Jul 2026, 18:42",6a43b13c568006001913eba3
6a46133af2789100212b1878,CONTROL,"",6a46137d2e8831001925d8ae
6a4e1330d776560019c6b183,TREATED,"31 Jul 2026, 14:38",6a4e139f7cea2b00318a3e46
6a4f64b98e6e4b0012a9d6c4,CONTROL,"",6a4f65c07eda4c00214b2773
6a4fdee08e6e4b0012d7795c,TREATED,"3 Aug 2026, 12:25",6a4fdee08e6e4b0012d7798c
6a505adaa57f9c002149a951,CONTROL,"",6a505b886849580019e3a00f
6a54acfddbbffb003186bcb1,TREATED,"3 Aug 2026, 12:25",6a54acfedbbffb003186bd26
6a54acfddbbffb003186bcb1,TREATED,"3 Aug 2026, 12:25",6a58e0f75a15ab002dd59d10
6a54c86562896f002d120a7f,TREATED,"31 Jul 2026, 14:08",6a54c8bfdbbffb00319960c5
6a550e75c803e700192e174f,CONTROL,"",6a550fe23b57000019b7a459
6a55fd121d94d40031c3520f,CONTROL,"",6a55fd121d94d40031c3522b
6a55fd121d94d40031c3520f,CONTROL,"",6a6c43f14ee85b00315f274b
6a57521f0eae440012372672,CONTROL,"",6a5752470d4b5e002d53274d
6a58b331d193ab0031472237,TREATED,"30 Jul 2026, 11:09",6a674dbcf25e0e001202a726
6a58b688201c65001981203e,CONTROL,"",6a58b68a154cd60012f4bb9e
6a5b1e9023bdd30012878fd6,TREATED,"30 Jul 2026, 11:34",6a5b1e90fdbff400197286a5
6a5b4964ef0afb002110169c,TREATED,"3 Aug 2026, 12:25",6a5b4965ef0afb00211016d3
6a5dfa7d61af6200129b938b,CONTROL,"",6a5dfa7d61af6200129b9397
6a5e2b5c98a0580012004c67,CONTROL,"",6a5e2d621fd7170011c712f0
6a6066644b895d0019fea6f6,TREATED,"3 Aug 2026, 12:25",6a60668a75bd3a0031995635
6a6066644b895d0019fea6f6,TREATED,"3 Aug 2026, 12:25",6a6c75f3d1345b0025e8ed14
6a606e6675bd3a00319f89ea,CONTROL,"",6a606e6675bd3a00319f8a0c
6a608ca9656bb80012593c44,CONTROL,"",64da58b059308600113c7672
6a62123b0710f30020238b18,CONTROL,"",6a660ea53fe6860020dce97e
6a65f5748137860012e285f5,CONTROL,"",6a657e6ac3087d0012a8d522
6a684dc0d6fbed002d6ec9d2,TREATED,"30 Jul 2026, 18:01",6a684e7be3086e0019fde3a3
6a68c266b42e550012bac25b,TREATED,"30 Jul 2026, 16:54",6a68c2acda7e4d00211600ce
6a6993a530dbd6002d504634,TREATED,"29 Jul 2026, 18:40",6a6993a530dbd6002d50464a
6a6993a530dbd6002d504634,TREATED,"29 Jul 2026, 18:40",6a6dc81c4ee85b0031d16da3
6a6995fc30dbd6002d51d06a,CONTROL,"",6a6995fc30dbd6002d51d08a
6a699ddfb42e550012d4ab06,TREATED,"30 Jul 2026, 12:17",6a699e0d5ad33a0032a646a1
6a69e4a960788e002528eb18,CONTROL,"",6a69e4a92c59e20013cc757d
6a6a27b630dbd6002d9a6ed3,TREATED,"31 Jul 2026, 12:56",6a6a27b630dbd6002d9a6ee4
6a6af957895d3300191d7605,CONTROL,"",6a6af9585ad33a0032093a0d
6a6b02cf77101e001a016a7c,TREATED,"30 Jul 2026, 15:25",6a6b036130dbd6002dbf7e70
6a6b037ab42e55001231f328,CONTROL,"",6a6b04d85ad33a00320fc57d
6a6b0a2a60788e0025673dcc,CONTROL,"",6a6b0a2a60788e0025673deb
6a6b77e320a2c00019ef8868,TREATED,"3 Aug 2026, 12:25",6a6b77e320a2c00019ef8874
6a6b81075fe6890031546d28,CONTROL,"",6a6b81075fe6890031546d34
6a6c2eb46199a2002e63d64c,CONTROL,"",6a6c3288ff3dbe0021017489
6a6c309eb63ab20021efc5b1,TREATED,"31 Jul 2026, 12:17",6a6c310b4b62830012114840
6a6c4509d1345b0025cb628b,TREATED,"31 Jul 2026, 16:14",6a6c45c40aee440019187df3
6a6c68b5d1345b0025e10b4e,TREATED,"31 Jul 2026, 16:15",6a6c68b6d1345b0025e10bba
6a6c9f46e1514f002197aaf3,TREATED,"31 Jul 2026, 19:42",6a6ca182d928b8001916b409
6a6cc1b0d928b800191e55a3,CONTROL,"",6a6cc26ed20dd20012a1c1c3
6a6cc9144ee85b00319bb711,CONTROL,"",6a6cc933fa2db0002db9a946
6a6cdcd2d20dd20012a7e83f,CONTROL,"",6a6cdcd2d20dd20012a7e850
6a6cdcd2d20dd20012a7e83f,CONTROL,"",6a6d7e9bd928b80019334ec1
6a6db347e1514f0021c9aa36,CONTROL,"",6a6db348d20dd20012cfd4d5
6a6ddc47d1345b00254be9db,CONTROL,"",6a6ddc47d1345b00254be9f6
