businessId,urlKey,userIds
69cc98099aa53c0019e477b2,sarve-sarva-unique,"69cc9808b012f3002b411409"
69cc9de8b012f3002b41f32e,ms-sk-trading-co,"69cc9de8b012f3002b41f322"
69ccc2e5af775d0020f56484,bundelkhand-implant-well-care,"659cf43905e4e2001172a401"
69ccc3ab9aa53c0019f7f4af,rocksun-enterprises-pvt-ltd,"69ccc3a99aa53c0019f7f350"
69ccc42faf775d0020f65539,revivo-solar-pvt-ltd,"69ba673be46be30020e29030|69ba68565e72730019635ff6"
69cccc07b012f3002b5a0424,just-fckd-internet-pvt-ltd,"69cccba2b10cce002bc3c8ee"
69cce1e5e2acba00127f1371,vision-resolve-az6wjm,"69cce00de2acba00127e14c2"
69cd558809bfc0002001c13d,prof-dr-syed-hussain-shah,"69cd5458b44c14001914a8a9"
69cd6158616930002b716a54,fine-lights-and-electricals,"69cd6156b44c14001915af85|698ac85082ca410011cd7556"
69cdef31b44c1400191dca6c,fluxions-partners-private-limited,"69cdeee420a63200207cac4e"
69cdf83cd2d819002b9da218,brilliant-brushes,"69cdf83b616930002b7a5047"
69cdfef8966a5d001977c245,sharp-enterprise,"688b42f6264c7e00120fbbf8"
69cdff46d35b2100123d42e7,shoes-world,"69cdfec3966a5d001977ab64"
69ce13b30e4b430012c5e1f1,infinity-ev-solutions,"69ce062120a632002083b81a"
69ce178fd35b21001248d030,riya-enterprises-zkeveh,"69ce17340e4b430012c7a9d1"
69ce22790e4b430012cd43ee,space-realty,"69ce1c310e4b430012ca30ad"
69ce453d20a6320020a641fb,vibean-foods-and-beverages-private-limited,"65d3a675bbaa060061af338e|68e90131d4973700205088bf"
69ce517820a6320020af62ad,patel-enterprise-7kqvjw,"69ce517820a6320020af629a"
69ce65710e4b430012f1ed74,hind-steel-furniture-bn16o1,"69ce656bb44c1400195c4b46"
69ce7a3a616930002bb97ef6,the-realfiction,"69ce79d0616930002bb96c73"
69ceda340e4b43001202e9f0,urban-bolt-private-workspace-and-co-working,"69ceda340e4b43001202e9de"
69cf50fe09bfc000205f66bb,q-cube-llp,"69cf50fe09bfc000205f6692"
69cf529509bfc000205fe252,prime-voice-services,"602b9e704d6a4500189eaabd"
69cf55d420a6320020d62ff2,harsh-enterprises-74cxed,"69cf5510d35b2100128b50cd"
69cf7ba6616930002be0202a,outshine-villa-llp,"69cf7ba520a6320020e90bc7"
69d0b25e57c08d002bd1e4dd,aarusiya-jewels,"69d0b25e57c08d002bd1e4d1"
69d0b828aefdc700206afbb7,aldo-marketing,"69d0b5ba3f400d0019cd7b53"
69d0bdb351846d0012a7fd29,homebredby-gandz,"68244ccda6712a002060323b"
69d0d87fdafc0a0012b592d6,the-impact-co,"69bd16b86a978d002ba2f5d9"
69d146733f400d0019faa8e1,lohiya-steel-and-interior-decoration-553dj2,"69d146710413a6002b78f179"
69d15835dafc0a0012d68446,fourteen-souls-pvt-ltd,"69d15834dafc0a0012d68428"
69d2355b57c08d002b1142fb,ujwala-ayurvedashram,"69d234cf0413a6002b88d985"
69d2577057c08d002b156f79,rmd-infra-developers,"69d2577057c08d002b156f6d"
69d32efc57c08d002b20d5ac,nekkanti-electronics,"69d32c9adafc0a0012f68c65"
69d354a657c08d002b300672,the-dew-media,"675068cbe883610250c4b037"
69d35d3257c08d002b363c64,bbn-motors-qrm5mn,"69d35d3257c08d002b363c58"
69d363c4dafc0a0012150936,vikkals-entertaintment,"69d361d3dafc0a001213df97"
69d377e20413a6002bb9b244,vmax-media,"69d377e10413a6002bb9b22c"
69d37b6551846d001216df1e,one-world-music,"609311dc93eab10014239049"
69d388453f400d001941120d,alpha-beat-digital,"69d3879e4288c40020cf0b75"
69d395dc3f400d001949240e,sam-adds,"69d39544dafc0a00122f28e4"
69d3a47c51846d0012311a32,ps-retail,"69d3a47c51846d0012311a1e"
69d3a6e34288c40020e167f4,cliperact-technologies-private-limited,"69d3a6e34288c40020e167df"
69d3ad27755fea00192d74c3,mebigo-labs-pvt-ltd-operating-as-kuku-fm,"69d3ad27755fea00192d74b5"
69d3bfc4755fea001933a643,triumph-hr-services,"69d3bfc3595cc70012831d88"
69d3eb2c5209de00205f0c78,dileep-telecom,"69d3eb2c5209de00205f0c6c"
69d4af12f693260012a0d941,mahatma-phule-krushi-vikas-kendra,"69d4aea5c69f9100191ce420"
69d4b2e16c82a6002b766066,maa-padmawatiand-sons,"64ca351ff057ff00116aa39c"
69d4c0e2d751de00194ac76c,john-bk4t4m,"6717a3868c69a2023a9759df"
69d4d75ef693260012ba13f6,2north-media,"69d4d75cc69f910019372418"
69d4e13d6c82a6002b93172e,aanda-tech,"696e8b2eed571c00119a7a41"
69d51590d751de00197b8270,sri-rama-rb-enterprisess,"69d507fa8ed2ae0020f32f1b"
69d534f26c82a6002bb56cfd,mdr-cargo-pvt-ltd,"6520578cddbe280012d357fc"
69d5eb0749787e00126c0663,amrita-sai-power-pvt-ltd,"692bf03e827fdf0029700531"
69d5fd668ed2ae002021a103,royal-it-service,"66b708ad0ad3bf004c2bd3c6"
69d60afbf6932600120a7af3,raj-enterprises-pbcs3n,"69d60af9626cc90020c3e26b"
69d60dc46c82a6002be091d0,ms-popuri-engineering,"69d60cedf6932600120b9976"
69d610f2c69f9100198d406e,swan-creations,"69d610f2c69f9100198d4062"
69d62b8d8ed2ae00203bfa1b,vv-subbarao,"69d62b8c49787e001290b012"
69d63c538ed2ae002045257f,nt-infotech-solutions-7lg7fz,"699aa656c05966001f5d5bcb"
69d64bb1c69f910019ad89d1,goodspace-design-vv4j3h,"69d64bb1c69f910019ad89c5"
69d6539fd751de0019d3e9a9,mac-aluminium-industry,"65cb7ef24980f5001930084a"
69d6760a49787e0012b15c04,ark-enterprises-xrffuh,"697d97dec73c820018d61bb3"
69d693967dd318002b048fac,dhwani-media,"69d693967dd318002b048fa0"
69d6bebd8ed2ae002065495a,lifobeta-private-limited,"69d6be54c69f910019c3202e"
69d73b39d26b9c002042b449,skingenie-opc-private-limited,"69d73a728f2a2a002b9855f2"
69d73fb115a5a800194c1335,astita-tradelinks,"69d73fb115a5a800194c1319"
69d74523d222280011cce5f4,krishnayan-heritage-llp-p18txb,"69d744d802034d001f57562d"
69d7551a15a5a8001958016f,yogesh-enterprises-fsx529,"6790849c263e0502243933f6"
69d77761e04a4300180dacfb,skyago-private-limited,"69d776bf02034d001f715734"
69d78b426cb8c6002a68a6b4,arun-dekate-digitalsapient-consultancy,"69d78a8ad26b9c00206d3baf"
69d795dc15a5a800197da38e,anubhav-enterprises-xik66d,"69d795dc15a5a800197da370"
69d796196cb8c6002a6e2705,shree-ananta-accounting-and-tax-solutions,"69d796196cb8c6002a6e26f4"
69d797b0e04a4300182118e7,aavya-infrastructure,"69d797ae8f2a2a002bcc28f0"
69d79aace298280012655c7c,ken-coworks,"69d79aace298280012655c60"
69d7acf202034d001f90d402,sapian-infratech-private-limited,"69d7ac4de04a4300182b09c7"
69d7b72dd22228001107cdef,rohit-nair-4y81i3,"69d7b6e502034d001f93e73b"
69d7bda8e04a4300182f771e,navivanhealthcare.com,"69d7bda8e04a4300182f7709"
69d7be048f2a2a002bd9164b,crestinct-6qimxv,"65ae2128163e750012fcab3f|67f918f8a75d5a003c339a83"
69d87136e04a4300183b165e,usha-martin-limited,"69d87136e04a4300183b164f"
69d8835fe2982800127e4fad,adhitya-s,"69d8835ee2982800127e4f2b"
69d8968c02034d001facb066,guest-house-zlo98v,"69d88f9c15a5a80019a07012"
69d89a948f2a2a002bf59d4c,vir-tech-consulting,"687fa4d5be938400b2418c94"
69d8b580d222280011323c7f,greyyfort-internationalopc-pvt-ltd,"687775fc69cd0300182bd9a0"
69d8b84b15a5a80019b6ee17,northside-media-n9987x,"69d8b80fe04a4300185980c2"
69d8bf32e2982800129f5366,h-s-builders,"69d8bf32e2982800129f535a"
69d8c5c18f2a2a002b0cf35e,mediskills-institute-of-paramedical-and-diagnostic-studies,"69d89f4a02034d001fb1a2a8"
69d8d2378f2a2a002b14053b,embroidery-q5uxst,"69d8d0c415a5a80019c23511"
69d8de46d26b9c0020bf0234,air-innovation-ry5z8p,"69d8ddf98f2a2a002b1b4b8e"
69d8e0d915a5a80019cb3eed,r-k-traders-4czj5e,"69d8e0d915a5a80019cb3ee1"
69d8edad02034d001fdb416c,evolvemaax,"69d8edad02034d001fdb4153"
69d8f108e04a43001877d3b1,shri-ganesh-steel,"69d8f107e04a43001877d30f"
69d9c8f0d222280011701fc5,healthsoch-academy-private-limited,"69d9c8f0d222280011701fb4"
69d9d7f5e298280012dcbbb8,rajendra-palange,"69d9d7b5e298280012dca830"
69d9fbc4e298280012ed1390,digirankboot,"69d9fb626cb8c6002af8bffa"
69da0ab6d26b9c0020ff9e5e,ms-durga-engineering,"69da0ab6d26b9c0020ff9e44"
69da18403cae79001982de3a,avalon-projects,"69da17e952d92b002bbd432f"
69da288852d92b002bc4a8bb,balancia-textiles-private-limited,"664f1125ab19fd006cbb3317"
69da2cf135262a0012a55634,fuma-clothing-private-limited,"664f1125ab19fd006cbb3317"
69da67c968ed8200197d0d27,presto-laundry,"69d691776c82a6002b117cb7"
69da8f3d4bf7f10012be40da,laxmi-collection-n1v732,"69da8b236c4b3e0020a584c2"
69db65b318e30100200f5d67,harshas-enterprises,"69db65b318e30100200f5d56"
69db7b6335262a0012cb1bf9,choudhary-motors,"69b810ef590d28002b201243"
69dc688a6c4b3e0020d2f46d,label-by-nrg,"69dc683d52d92b002b00affc"
69dc8ebf35262a0012eb3915,hykmann-global-business-solutions-pvt-ltd,"69dc8ebc52d92b002b1011a1"
69dc94353cae790019c9b71d,vsm-store,"69dc94353cae790019c9b70d"
69dcc3bc68ed820019d66441,shieldcraft-solutions-services-private-limited,"664f1125ab19fd006cbb3317"
69dcd6d36c4b3e00200a9ce6,rk-electrical-and-fire-fighting-works-ldyetn,"69dcd62c3cae790019ed88af"
69dcefde68ed820019ec9e30,life-look-garments,"68d4c40a1e7ce00057f50c6a"
69dcf4246c4b3e00201a097f,nisarg-innovative-enterprises,"69dcf3d34bf7f100122afe46"
69dd0b226c4b3e00202043be,yagrik,"69dd063a52d92b002b46ec54"
69dd0b674bf7f1001230248f,sk-creation-ke4l55,"69dd063a52d92b002b46ec54"
69ddd59635262a00123d6343,choudhary-and-sons-h9v7vg,"69ddce2f35262a001239e506"
69ddd82152d92b002b5cbe7f,equinox-entertainers-1gugd6,"69ddd82068ed820019095cbe"
69dde2c252d92b002b62bfee,national-hardware-5o9rsx,"69dde2c252d92b002b62bfd9"
69ddffeb35262a00125452c7,akhil-construction,"69623798f396e6002a094864"
69de0f9318e30100209f544c,ss-electric-shop,"69de0f8c4bf7f1001265e95b"
69de44011e032600205c6268,digi-mojo-digital-marketing-private-limited,"69de44009c1c4c0020256700"
69de68a38911cb002bfc8cdf,omegix-global-fashion,"69de68a28911cb002bfc8cd3"
69df3590d02aab0020249682,vk-traders-2j3ozc,"69df31b81f6fb4002bcb7a8b"
69df437ea8f5200020136d66,farmneo-solutions-private-limited,"69df437ea8f5200020136d51"
69df49418754c8002b18e7c0,shri-sai-samarth-elevators-w53aqk,"69df49418754c8002b18e7aa"
69df67641c2632002b568802,smarthire-technologies-private-limited,"69df5f455cd791004a43da97"
69dfc80120115100126dd206,nisarg-manpower-supply-and-security-services-opc-private-limited,"69dcf3d34bf7f100122afe46"
69dfd3ecb52f10002013afc2,pianta-blossoms-llp-j4xuz1,"69dfd3ebb52f10002013af82"
69dfdaf020115100126fe6ff,sai-siri,"69dfdaf020115100126fe6f3"
69e05707b52f100020189ca3,sporty-turtles,"69e056a063151a002b416d1d"
69e059d186fd34002b3b1d96,hasya-enterprise,"69e059d186fd34002b3b1d85"
69e05c5763151a002b42597a,qualace-staffing-solutions-llp-ch78dz,"698c27a789cde2001f89c655"
69e05f4711b80900206941ef,book-my-tickets,"69e05f4711b80900206941d9"
69e0ad594c88f40019039cf5,the-nature-club,"69e0ad594c88f40019039cdf"
69e0f46659c3cc0012d1ccdb,new-sahara-automobiless,"69e0f24c91fe35002b7b78c9"
69e1bc75f5bc5d0012eda5d2,tapan-kumar-dey-vdzlkc,"68ca4e4d58ee7e0032baa23e"
69e1edcc596940002b4b0d9b,navya-infra-and-constructions,"6362a5924cd8b000122b90e4"
69e2014ef5bc5d0012119725,inspire-tech-solutions,"69e20058596940002b5442fc"
69e227d2596940002b6a2ab2,leadwoo-fusxlz,"69e22770b68b75002b76210d"
69e24621f5bc5d00122ed930,ms-skywing-private-limited,"68ca4e4d58ee7e0032baa23e"
69e26b79f8a7040019918892,appandart,"69e26b178088a300121eb729"
69e3373cdd00ea002076ecd9,prafui-digambar-dusane,"69e336f504077600204ebb03"
69e33c3ef8a7040019aee900,ms-gupta-traders-b5cepc,"69c4c33f54b786001283355b"
69e34c33dd00ea00207e7760,global-trendz-ventures,"69e34bc7bce4e0001960091c"
69e3aaecf5bc5d00127306ce,ampere-ev-by-greaves-tara-agencies,"69e3a8cbb68b75002bc120cd"
69e3ae19f5bc5d0012733650,mb-online,"69e3ad80596940002bb5bce7"
69e3bcb68088a300125d7018,english-adapt,"69e3bcb68088a300125d6fe9"
69e47048f8a7040019de9ef9,the-escape,"659503206de3590019782eb8"
69e49f7e040776002082bdd3,vs-enterpise,"69e49f7e040776002082bdc7"
69e4e77df8a7040019ef20bb,trident-technologies-gfhhl3,"69e4e6e8dd00ea0020b44fc5"
69e5b9a3bce4e00019a9a1ce,deva-infra-tech-company,"69e5b9a3bce4e00019a9a192"
69e5c434f8a70400190687e2,rozdana,"69e5c3cb8088a300128c6570"
69e5ff3bbce4e00019d0f47c,bsr-enterprises-crqtsl,"5f7d9c879162770ab58a8827"
69e604f2f8a70400192b4850,b2e-info-tech-pvt-ltd,"69e60498bce4e00019d47300"
69e63521b68b75002b2a0ced,olymp-target-art-private-limited,"69e634640407760020db33bd"
69e716a1f8a704001964554b,a-aa-cinemas,"605025dd50f9080011eb0746"
69e720ecf5bc5d00120bc405,aman-sharma-ltd,"69e72090b68b75002b512848"
69e725acb68b75002b549154,yield-technologies-private-limited,"69ae87ea7f13aa00206308c1|689305ba47ab64004120d43b"
69e73073b68b75002b5a2ebb,ms-nbtraders,"684d16b5f2e4af004729e734"
69e73c6f04077600200df090,harshilkumar-yogeshkumar-barot-3poy3j,"69e73c44f5bc5d00121a8525"
69e74f17f5bc5d0012251c22,mektech-solution,"69ba7c615e727300196d611d"
69e75dfc8088a3001212aaf3,jagatpal-verma,"69e75d6eb68b75002b72a3c0"
69e7ba210e337f00197ed938,rp-electronics-eq9bij,"69e7b607c8115d0020dcb38c"
69e86a629720a10012a5b6eb,rugs-mania,"652500a9893d00001904fd54"
69e8b0d6d4f45d002b70c6d1,globespan-techno-solutions-private-limited,"69e8b027c8115d0020215343"
69e8fc77a699c80020223ddc,sands-accessories-h4cqiy,"61e8e4f52060cb00122a753d"
69e914059e764c001285e4f3,vinayak-engineering-yoqngg,"69e9139e9e764c001285dd53"
69e9e5a9d83991001233a970,shivrani-automobiles-fd1kz4,"69e9e5a9d83991001233a95c"
69ea10762303310019613a86,guptaji-enterprises,"69ea10762303310019613a76"
69ea244628eec3002b3c0ba6,tisora-collective,"69ea244628eec3002b3c0b9a"
69eaea678220df00126e3670,sumod-infra,"5fc49d39b6ed052bfdda64ff"
69eb00ef795fde0019012398,alo-rani-enterprise,"69bbc1e68b90a00012f5edcb"
69eb171885603c0012b0d9d6,ms-mahadev-enterprises-61idff,"69eb1717b90b10002b7b6a38"
69eb1b8da5dc4b001251e459,rishabh-mittal-contractor,"69eb1b8da5dc4b001251e449"
69eb22fb1e798f0019ba80a0,dior-aj99fq,"69eb22dd1e798f0019ba6801"
69eb5312bef86f001203fd55,metamerge,"69eb52d194c333002bb0c67d"
69eb53ed97c7110012ad2e8c,krishna-construction-company-k968pd,"68f089e155286f00483e3c5d"
69eb59df97c7110012afc19c,chhavi-ev-motor,"670fa44e01224100197c65bb"
69eb633019e8440020a77d06,krishik-ai-services-llp-mkmmr4,"69eb5c5c3fb1840019257e5e"
69eb6a9f94c333002bba47b8,klicksyy-digital-solutions,"684d372eab20120019b984f4"
69eb8451f7a326002bad64a1,tujorc-aerial-systems-private-limited,"64ec80f63a8b910012bbc5a0"
69eb8f5329196c0019acceed,shree-sawariya-organics,"69eb8ea4b7df680019d3cd92"
69eba4e71f3a84002b1ad134,agrawal-ujjwal-and-co,"69eba4e71f3a84002b1ad128"
69ec5719a1434500209c0e05,zahoor-ahmad-peerzada,"6471b3539d75c90012872a54"
69ec633a27bf490012817cdc,kayanat-travels,"69ec633a27bf490012817cc6"
69ec899f27bf4900128f35e2,jpcollection,"69ec899f27bf4900128f35d6"
69ecc90cc56e620012318d87,amb-enterprises-fyafn7,"69ecc90cc56e620012318d7a"
69eeb662f081920020d7a0da,ragini-sathya-narayana-foundation,"69eeb5e8f081920020d79df3"
69eeed568183d8001945bd7d,shonali-nag,"69aa8330792d03002079da1a"
69eeef67c0d4c00012c951ba,skytick-gx5k8j,"69eeef2357dca90020ebea4d"
69ef0f43f081920020ed7506,vipul-it-solution,"69ef0e7df081920020ed304d"
69ef2e708183d80019661e06,vistara-urban-developers,"69ef2b3457dca900200c2dd2"
69ef694c57dca9002029a54f,shree-siddhi-vinayak-interiors,"69ef694c57dca9002029a532"
69f05843c0d4c000122886cf,transaxle-logistics-india-private-limited,"69f05842c0d4c0001228863e"
69f063906a3e2e002bb3a3ab,liju-raj-pillai,"69f062b9c0d4c000122f2f94"
69f067485796b3002b32d003,bin-noor-traders-pharmaceutical-distributors,"6778cbc193fcb50047d4ced5"
69f06ba26a3e2e002bb7b194,vaztech-solutions-opc-private-limited,"69f06b628183d80019b53fcd"
69f0740e5f51680012a8c3f6,universe-exports-wh3mdf,"65ce2492beaacc0027426b89"
69f07a365796b3002b3bc9b2,aniket-sharma-6klzwn,"69f079d56a3e2e002bbf71bd"
69f08d9257dca9002072e74a,arista-broadband-private-limited,"69f08d9257dca9002072e736"
69f097ed6a3e2e002bd39758,vivaan-enterprise,"6814a3f861b78e00200ecbd8"
69f0aa3857dca9002084731e,pk-automobilees,"69f0aa3757dca900208472f4"
69f0dd495796b3002b6bea1b,sanopix-digital-era,"69f0dd48c0d4c000126d47d5"
69f0e17457dca9002095fc4f,vinayak-enterprises-b5dwg8,"69f0e08157dca9002095da67"
69f16e053777480020d18b0b,varun-traders,"69f16e053777480020d18afa"
69f1a936ac7b910012e5f2f1,santhosh-balakrishnan,"69f1a935ac7b910012e5f2df"
69f1ccc25f516800120b6d20,bombay-nut-bolts,"69f1c9d65f516800120a1e80"
69f1dffb5f5168001216f9c6,siyaram-enterprises-upvoid,"69f1dffb5f5168001216f9b1"
69f1f1bc5f516800122186ad,rsm-transit-and-travel-private-limited,"69f1f0b237774800200fe087"
69f1f2982dc93600198e70fb,niwetha-sri-enterpriser,"69f1ef525796b3002bba2822"
69f200c22dc936001994df3c,audacity-club-private-limited-fb94jd,"69f200c1a8f874002b983880"
69f2d6e9377748002037c53b,balaji-construction-51swip,"668e50b54f3d8e0020113f68"
69f2e65f26d70b002097bfad,sampath-electronic-digital-scale-x5zo9i,"68bfdcc27c382a0020385510"
69f2e7a5ac7b910012362cd8,nextenvision-digital,"69f2e6e9ac7b91001235bbd0"
69f2f01a2dc9360019b8bbec,rachna-agnihotri,"69f2ef942dc9360019b86b3e"
69f3013637774800204db40e,nandani-enterprises-feiyc4,"69f300eceba19a002b4600a7"
69f305e1a8f874002bca370a,krishna-infotech-u7bsuk,"600d24125664e244e6118338"
69f3419deba19a002b68abe6,belliza-of7hl2,"69f3414037774800206fd67c"
69f3458626d70b0020c99ec4,conecsy,"69f3441b37774800207110d5"
69f390023777480020824373,yejonam-enterprises-y2w9jb,"69f38f50a8f874002bff4a5f"
69f4290d37774800208b8dbb,goyal-electrical-rk5z96,"69f4290d37774800208b8dab"
69f43c4037774800208ff349,aditya-power,"69f43c3f37774800208ff2c9"
69f44aebeba19a002b8cfddb,hueblend-marketing,"69f44aebeba19a002b8cfdae"
69f45552a65e5800190ea533,sr-enterprises-573bqq,"69f45551a65e5800190ea519"
69f45ca7ac7b9100128e532b,vertexstaff-it-solutions-private-limited,"6762faec5afe980ca023b687"
69f45f88a65e5800191232ff,nishant-crane-and-transport-service,"69f45f88a65e5800191232e4"
69f4665feba19a002b95abf5,rent-ridge-by-vistara-prime-opc-pvt-ltd,"69f4482826d70b0020edfe5a"
69f46fdba65e580019179bdd,shivam-traders-7kgfih,"69bd3a8de01ac60012e82667"
69f49494eba19a002ba7a3d8,geoid-tech-private-limited,"69f493eceba19a002ba76e50"
69f4b8bc26d70b002014cb36,nick-art,"69f4b8bc26d70b002014cb2a"
69f582c8a8f874002baf747c,green-forest-ooh1fy,"69208f5d2ad9f900116b6243"
69f5860aac7b910012ba4e6f,mark-and-ate,"69f5859926d70b00202ad25a"
69f58cf2a65e580019461160,scale-one-lab,"69f58cab30252e0012e6f55f"
69f5a2f2a65e580019504b2e,shree-laxmi-arts,"69f5a2f2a65e580019504b09"
69f5b5afeba19a002bdb09e4,bhartiya-electric-and-hardware-stores,"69f5b48ea8f874002bd5b2d1"
69f5d0a43777480020eba109,appsmall-technologies-spfl34,"69f5d04dac7b910012daeb65"
69f5d14730252e001207cf9e,click-fix,"69f5d14730252e001207cf91"
69f6f42e92c94900197bfb2b,gs-water-supplier-dkplni,"69f6f3a757c1e60012507227"
69f73ce465b8d2002b5cfea3,gurudev-enterprises-wtokhw,"601fb98b368f8f65154a3369"
69f79ea014adbe0020b2bc3f,tavin-44isw4,"65627f1797401d0018b495ec"
69f7fcfd19672400209f1a9b,har-har-mahadev-logistics-gkr8h7,"69f7fcfc57c1e600126eb393"
69f835f7be1f11002bdcc7f5,naresh-enterprises-vjnpbf,"69f828ea57c1e6001273f43c"
69f8395a92c9490019a56340,lavish-crafted,"69f7852672a40e00198a0666"
69f8421157c1e600128148ba,shiv-shakti-hardware-and-sanitary-store,"69f8421157c1e60012814892"
69f859bf65b8d2002b8daa88,tech-masterons-llp,"69f859be65b8d2002b8daa54"
69f85d9272a40e0019b0f988,uncodemy-edutech-private-limited,"69f85bfc72a40e0019b001ac"
69f85e7192c9490019bbe986,ganga-furnitures,"69f85df2be1f11002bf448d3"
69f86df865b8d2002b99a5a8,loci-global-consulting-llp,"69f86d9a65b8d2002b99686f"
69f8941b65b8d2002bafa135,nexozen-technologies-llp-4hk7v7,"6525678dd162c10019168fe0"
69f96518a98ef4001219d74b,esc-media,"69a434ef5a9609001f69ed75"
69f9673892c9490019f426d9,annamalaiyar-agencies,"69f9673892c9490019f426c8"
69f984b057c1e60012dab244,viralting,"69f983fe72a40e0019f6f996"
69f9a0fa92c94900190e9728,unnati-enterprises-1paqq4,"69f9a0f957c1e60012ebb644"
69f9a9d892c9490019141c5c,lear-labs-private-limited,"6542337cc3c0450012064032"
69f9ac9dbe1f11002b506d89,jai-maa-gayatri-traders,"69f9ac9dbe1f11002b506d55"
69f9b5a1196724002023b9dc,bhakti-fashion-4i79z1,"69f99dc81c003000208223b5"
69f9b72114adbe00203e335f,suman-home-appliances,"69f9b72014adbe00203e3316"
69f9bd4172a40e001917d5cb,t745yn47,"69f9bc6492c949001920e05e"
69f9c6a165b8d2002bffd397,teamoffsite,"69f9c64414adbe0020477f1f"
69f9d63f57c1e600120b6a0b,nivaaroma-candles,"69f9d63ea98ef400125705a9"
69f9e0e657c1e6001210e00a,shivani-food-service,"69f9e08c14adbe0020573553"
69fa1fca92c949001946b66f,salasar-textiles,"69fa1e05be1f11002b7f1232"
69fa508f92c94900194b8933,jyot-chemical-industries,"69fa508f14adbe00206d84c3"
69fad13414adbe002079504c,h-a-traders,"69fad13414adbe0020795028"
69fae6cb92c9490019617ca5,softball-cricket-foundation-xwz1ff,"69fae47f92c94900195f8fc0"
69fafcd857c1e600124a6a06,skillexir-research-and-consultancy-312nr6,"69fafc0c57c1e600124a36e7"
69fb028cbe1f11002babc6be,plastic-center,"69fb021814adbe002096205e"
69fb184557c1e6001258ce27,riveria-global-marketing-360-llp,"69fb15f9a98ef40012a28e30"
69fb1b2992c94900197fc4b9,trusted-logistics,"69fb1a76196724002085edcb"
69fb1f761d44b30019134c73,pv-enterprises-v4bxku,"69fb1e94897d65002b8adca0"
69fb460057c1e600126e9914,siya-creation,"69fb460057c1e600126e9904"
69fb46be39b9700057716875,bee-tex,"69fb46be39b9700057716861"
69fb4f53be1f11002bd21b60,omkar-kalyan-gadkar,"69fb4f53be1f11002bd21b40"
69fc06e414adbe0020ce7c73,sarocode-creations-drywlg,"64be756f19abd80011045a45"
69fc07a457c1e6001280c78a,digitalnest-it-solutions-llp,"69fc078214adbe0020ce9a36"
69fc109f381b64004bdabfec,ojas-infra-ventures,"693d814656a384001fc02179"
69fc2b9d92c9490019b9eea6,roshni-enterprise-6hn1ds,"69fc2b9d92c9490019b9ee86"
69fc331bca848500124eb3a3,aalpha-enterprises,"69fc32ddca2f6d001924b3bb"
69fc351e2973710020ffd050,appa-plastic,"69fc351c757d740012c6bf6a"
69fc36b06182f3002c27bdf1,hiraeth-str1ei,"69fc36ae757d740012c7e57e"
69fc5d28ca84850012660a8c,jaitra-sri-infotech-pk5rec,"69fc5c926182f3002c3c0948"
69fc60e2757d740012dfd356,scale-my-marketing-oqejtb,"6940ce855f84710011dae34d"
69fc8301ca84850012798261,rk-enterprices-nx3cwc,"69f35eb026d70b0020d33969"
69fc879d6182f3002c52bc83,aditya-enterprise-ayn698,"69fc879d6182f3002c52bc54"
69fc8ebb358c490012a8a827,demure-jaipur,"69fc8ebbc32eaf0031a8c108"
69fc90cc88e4a9001292d419,e-comcentral-65nnfy,"69fc8ffb663aea0019f8bbeb"
69fca4fd2038050018dba603,minnal-food,"69fca2c7765ba200232b6b75"
69fcc056c9bce90011ed002f,triumphs-of-talent-h5ylz5,"69fcbfcb2038050018df0021"
69fccd35765ba2002330b073,swayam-fabrication,"69fccd35765ba2002330b067"
69fcd404599e2f001996df9b,ekta-traders-8wx4d5,"69fcd404599e2f001996df77"
69fcef39599e2f001998f63b,brandfit-ahmeep,"68eb3f3f1538e40032a26137"
69fd440c2038050018e60ddf,elangovan-electricals-and-tradings-ndhuif,"69fd43ceb9241b002cf91433"
69fd757d06b0d30012c0899c,bhavin-bharatbhai-godhani-9l9qul,"69fd740ab9241b002c00c97d"
69fd763ab9241b002c01700e,shree-ganesh-erectors-c5ceiu,"68ece4f90feda0003dd0356d"
69fd7a2a599e2f0019a71916,a-r-enterprise-fcfigp,"69fd7a2a599e2f0019a718ea"
69fd969a252991003008fa17,samanta-and-co,"67373e64e990ac0127f5f22f"
69fd9ff2599e2f0019bb5154,sri-udhayam-jobs,"69fd9ff1203805001804231c"
69fdbdcc06b0d30012e2aa45,brothers-computer-43wk4s,"6a10200fd5dc8c00123d3e15"
69fdbe21599e2f0019cb2abf,sp-motors-mregfh,"69fdbe21599e2f0019cb2a8a"
69fde2491b9c16001fddd4e0,amol-enterprises-xiiok8,"69fde1eb203805001822f282"
69fdf9c0203805001827f9d4,brontobyte-solution-e3jipo,"69189aa22299b60011275425"
69fecfc4765ba200238c1a82,studio-keerthanavathy,"69fecf5d2529910030492f3c"
69ff1c6b599e2f00191751d9,anoop-kumar-n4n6l3,"65d40f24c161680020928395"
69ff247ec9bce9001167153a,aastha-global-trade,"69ff229bb9241b002c71ec4f"
69ff2e72765ba20023adc387,nikendra-engineering-ventures-llp,"69ff2e71599e2f00191cc7ba"
69ff5251ec03ef001987439b,techgraph,"69ff51f066570b0012c324e6"
69ff610ce5b47200219f8328,aldhrusha-global-private-limited,"69ff4dd106b0d300122ceaa5"
69fffdd76a37a40019a6f500,lunora-sbiwmu,"69fffd5194556800211069c8"
6a004a106a37a40019af7495,a1-care-sales-and-services,"6a004a10a2f0b7002dfcfe73"
6a00e9136c5eb0002d313bb9,strong-punch,"6a00e912ddef65001283af13"
6a019a72d312be0019b5497c,mulyaankan-enterprises,"6a019a713c3af4002dca9fe5"
6a019ffd9ca9cb0021546246,divyantik-india-pvt-ltd,"6a019ffd9ca9cb0021546233"
6a01a96aa9278d0019c27066,trustbridge-staffing,"6a01a969d312be0019bd4774"
6a01ab8d2c2be0001240cd2a,ace-digital-marketing-hub-ovqkkp,"6a01ab8ad312be0019bf017e"
6a01ca583af1c00019f86cc2,sharma-electricals-edzoki,"6a01ca583af1c00019f86ca7"
6a01cd929606db0021e24ce6,revenix-venure,"6a01cd530512760019748c5b"
6a01e558518c6f002d78199d,aqureshi-data-consulting,"6a01e4a5661eea0012640c0b"
6a01f80b5ff7cc0012822ce1,mj-treaders,"6a01f80b5ff7cc0012822cd5"
6a0284e2d69c1f002dd82e28,navi-enterprises,"6958042b9549a7002ada03ec"
6a02d8273e0d75002d80b214,cnv-solution-opc-pvt-ltd,"6a02d8263e0d75002d80b1f9"
6a02e1034a085a002559b687,capital-care,"6a02e1024a085a002559b672"
6a02e3afa6d12e0012ac7428,jj-enterprises-h9xs69,"6a02e3afa6d12e0012ac740f"
6a02e4c5d69c1f002dfda115,vyntrox-private-limited,"6a02e475a6d12e0012ad0712"
6a03138a2e4337002d497e5c,just-imagine-films,"6448c436cdc7a50011d6deee"
6a032dd14a085a0025804f08,the-rural-mall,"67cb32519a8ab001326adac5"
6a0367e2d69c1f002d2e5c17,ghosh-enterprise-35w2yh,"6a035ecfa6d12e0012d8c757"
6a040cd5a6d12e0012e83b97,malarna-enterprises,"6984229c23c367002a9b6199"
6a0410473e0d75002dc5e1c9,nikhil-engineering,"6a0410473e0d75002dc5e1bd"
6a04162d3e0d75002dc9268c,zanvika-tech-solutions-pvt-ltd,"6a0415c3bce73d002165a464"
6a0424be4a085a0025ac33d9,d-g-engineer,"6a0424bd04d5f800197d85ff"
6a043f71d69c1f002d5be43e,kuna-resorts,"6a0436b9a6d12e0012ff5429"
6a0445aeb816d500121e6cc4,shivam-singh-bd4fnh,"6a0445ab4a085a0025bf4233"
6a0448bbd69c1f002d61ce93,chirag-ads,"67936bf0e849a0001294cc51"
6a0454febfb8070012769f7c,rameshwaram-enterprises,"6a045495602289002db9c1bb"
6a046e2d1c46b40012efa371,vk-traders-uaulr9,"6a046d9f1c46b40012ef51ae"
6a046e4a49831300194d95c9,strategix-digital,"671b9f0216507b0152299c2f"
6a04b348602289002ddc8f2e,neelam-enterprises-hnaqw1,"6a04b251602289002ddc6572"
6a0520ab5334b20021d6b0d4,aarvix-apparel-private-limited,"6a04219704d5f800197b4871"
6a054aa6bfb8070012a9f576,ogk-infra-and-developers,"6a054998bfb8070012a9c173"
6a0564d1602289002df3dba8,ruchi-fabrics,"6a0563935334b20021e40612"
6a05650b4983130019711a7e,ami-frabics,"6a0563935334b20021e40612"
6a05a386dbb7ca002545bfe5,kamal-enterprises-tru5iq,"6a05a386dbb7ca002545bfaf"
6a05af255f604300252bbdc9,gamefinity-studios,"6a05af255f604300252bbd80"
6a05e7675f6043002541964f,sr-enterprises-m5jfik,"6a05e6e9b0b281002dcbd127"
6a06b23ee071c700137c6917,sai-web-infotech-8djs8u,"6a06b23ee071c700137c690b"
6a06b441de3ea40012ca6339,yuvraj-automobiles-v2lr2v,"6a06b3e196711e002e8c31bc"
6a06baf05bbd67001a9b9a68,maa-bankeswari-borewell,"69bba1f73443c8002b307fb5"
6a06be39b0b281002de2f348,agropeak-solutions-private-limited,"6a06be39b0b281002de2f323"
6a06bfb9de3ea40012d2727e,hotel-meetchi,"6a06bfb9de3ea40012d2725d"
6a06f8c3e6df7f0031963b6d,krishi-upaj-mandi-samiti-jaisalmer,"6a06f8c2e6df7f0031963adf"
6a071532e6df7f0031a46737,koshiyaedge,"65782f667383760020d3f558"
6a07169ef25439002069e5bf,notelia-private-limited,"6a07169ef25439002069e584"
6a072298715a8100251b074b,t-sharma-and-company,"6a072297715a8100251b0714"
6a0818518f5f93002d7a32f7,nh-solutions,"5eecc1e480e8f3655e5082d7|6a3bd7b75bba9400192ffc14"
6a087ec3eb7076001947362a,mr-enterprises-4gtin7,"67c187f1c43af600270a1d06"
6a0925838f5f93002db4c498,shri-ram-duteh-solar-technology,"6a0925838f5f93002db4c48c"
6a0972b17d43ca00120f125e,stone-and-styles,"6a0972b0715a810025887570"
6a09d1ed8f5f93002dd0da1f,panda-hotel-ti6meu,"6a09d14e8f5f93002dd0c429"
6a09d94b7d43ca00121e3d79,krishna-boutique-okrlso,"6a09d94b7d43ca00121e3d68"
6a09e5dd715a8100259f4b0d,mediatec-enterprises,"601d4839368f8f651546e1f5"
6a0a36c7715a810025a4284c,zing-infrabuild-services,"6a0a36c7715a810025a42840"
6a0a6c35f254390020fc5965,sampatti-consulting,"6a0a6c3545720600120b416b"
6a0a9b64eb7076001978895a,ms-shah-hussain-malik,"6a0a9b64eb70760019788919"
6a0accae7d43ca0012426b36,manish-moghe,"6a0acaec457206001228eb98"
6a0ade13eb7076001998d2ae,sri-raja-rajeshwari-trading,"64afaf71a1187d001136e130"
6a0ae95be6df7f003150312a,nexo-nova-7y2dss,"6a0ae8e9e6df7f00314ffc54"
6a0afe9c8f5f93002d10e25e,amar-preet-foods,"6a0afe9b8f5f93002d10e244"
6a0b202adae1b1001945ba96,service-free-optical,"6a0b1f9ddae1b10019459168"
6a0b9c18f254390020630195,jamikol-infra-af2tth,"69fc8ebbc32eaf0031a8c108"
6a0be266715a810025fc5620,balaji-packaging,"6a0be266715a810025fc5614"
6a0c0f47eb70760019d890ce,ssexports,"6a0c0f0d8f5f93002d422ca2"
6a0c1089eb70760019d949ae,astha-enterprises-xglcv7,"68ee9f4fce84c4002c652c8c"
6a0c18e0dae1b100196dcd5d,kampuram,"6a0c18df8f5f93002d48876a"
6a0c1a608f5f93002d493d9e,the-daily-dish-food-and-beverages,"6a0c1a5fe6df7f0031942508"
6a0c20148f5f93002d4ca6cf,best-pharma,"6a0c200deb70760019e3bb36"
6a0c22cbe6df7f003198596a,lorven7-workplace-solutions,"6a0c225de6df7f0031982fae"
6a0c3f0deb70760019f4b07e,saanjh-the-musical-sunset,"6a0c3569e6df7f0031a24487"
6a0c3f14dae1b100198447f7,biraani-food-grain,"6a0c3e90e6df7f0031a6bfbb"
6a0c4698f254390020a12ec5,codeconveyor,"6a0c4698715a81002535eecc"
6a0c6076715a81002543cd51,ctn-enterprise,"6a0c5ff97d43ca0012b01cd7"
6a0c62537d43ca0012b16cb4,maheshwari-opticals,"6a0c62537d43ca0012b16ca8"
6a0c74807d43ca0012b795fc,reborn-tech,"6a0c747f7d43ca0012b795ea"
6a0c942c8f5f93002d7cd581,navkar-enterprises-zaotwt,"6a0c93a0715a81002550541b"
6a0dacbb7953660012b3b7b3,a-to-z-ev-solution,"69a7c6db86b8d9001811997d"
6a0dc57f1d422600193107ae,taran-deep-singh-m328d7,"68e4e6a4fddffd004c1aa999"
6a0dc69a7953660012bf07f0,sona-trading-company-2uepkz,"6a0dc69959642d0019d6399c"
6a0dd24e7de5f4002dd08b04,nitin-sarawagi,"68139255f7eb4a003c932e07"
6a0ea2ca7de5f4002defd976,s-d-corporation-lf52j1,"6a0ea2ca7de5f4002defd896"
6a0ea48159642d0019f432c0,sach-moon-thread-poly-company,"6a0ea342a8390800251f8edd"
6a0ea7c47de5f4002df3238b,the-broadcast-media-a-division-of-shivaksh-media-groups-73cu3w,"6a0ea7c47de5f4002df32375"
6a0eab92a8390800252466a7,vags-enterprises-rearp7,"6a042f54bce73d002175d2d0"
6a0edc6da83908002542dd67,al-tyre-world,"6a0edc6da83908002542dd2a"
6a0edf02ec90380025662f53,alfa-car-rental-service-goro-cars,"6a0edf02ec90380025662f41"
6a0edf4b8ed47700310db9c8,ever-write-traders-private-limited,"6a0edf4b8ed47700310db92f"
6a0eebef59642d00191eae74,mayas-infrastructure-4r2dhd,"660e7c0317c7d200196773e3"
6a0f072c1d422600198f5e3e,sai-crop-science-pvtltd,"6a0f072c1d422600198f5e2f"
6a0f0de379536600122898c0,maa-traders-umgx8l,"6a0f0de379536600122898b4"
6a0f15367de5f4002d2f8cab,home-life-traders,"6a0f15358ed4770031282f60"
6a0fad01d5dc8c001215b3f0,mahi-visa-services-ahmedabad-pty-ltd,"6a0fad01d5dc8c001215b3e4"
6a0fe78a53c02b0019c0ff41,lenovo-india-private-limited-81ersa,"6a0fe714fc2be60031852310"
6a0ff3e266a0e200128d985e,muvesta-a-unit-of-meurron-healthcare-pvt-ltd,"6a0ff260a66b6c0021532bc8"
6a1005e3d5dc8c00122f7722,om-patel-films,"6a05c6b2b0b281002dc2e5b9"
6a1012b2a66b6c0021632b70,pestzen-ee73tl,"6a1012b2d5dc8c0012361b56"
6a105bf571b158002d01abfc,radianrarity-ventures-nf6p5n,"6a105bf43a57820021e1e105"
6a114f2f7c9d200020955e0a,newgen-enterprises-4x8oji,"69ba54c2c5edde002081a337"
6a1151827c9d20002096979b,ithink-gifts-global-llp,"6a1151809f4c8c00129ce4cf"
6a1151fa9f4c8c00129d1f76,apex-field-services,"6a114e86108399001914bee0"
6a118b477ab95a00313bbcf6,avaknin-i-private-limited,"6a118b477ab95a00313bbce4"
6a128bd29bdb6e00127698c1,gadhiya-global-trade-corp-1x5go5,"6a128b529bdb6e0012767677"
6a129e739f4c8c0012d668bc,edison-sports-9adri2,"6a129e1fa7eb5300254ca6b5"
6a12a77f7ab95a00315fd353,gorkha-detective-force,"6323f3f2f031410012f97773"
6a12f29af7ca930019298f61,ply-cottage,"6a12f299a7eb530025588657"
6a12fa17088d260031a907d0,twentyfirst-century-creations,"6a12fa17088d260031a907bc"
6a12fce69bdb6e001286d6fe,kabir-enterprise-qyi1jl,"6a12fce69bdb6e001286d6f2"
6a13624b088d260031b1bd5a,royal-traders-nh21zl,"6a13624b088d260031b1bd4e"
6a13e1f9d8ac6d0019948717,vishwas-medicals,"6a13e1f9d8ac6d00199486ed"
6a13f2c39bdb6e0012a6ca76,salona-bichona,"6a13f2c2a7eb53002579bb6c"
6a13f6f4aabd27001212aef9,thrisha-creations,"6a13f673436e67002de7d305"
6a13f7b126c506001209a7b6,pooinfotech-digital-solutions-pvt-ltd,"6a13f7b126c506001209a7a7"
6a1406572aee6e001253d1a7,shivansh-enterprises-xd5dds,"6a1404bc2aee6e0012531081"
6a140693436e67002deeca42,velcura-exim,"6a14020a2aee6e001251897b"
6a140a7f0b27f80021eb768d,happy-ehs-pvt-ltd,"622ae26dc9690c0012707a87"
6a1434ed0b27f80021079aab,keshvi-enterprises,"609f612facde010012cb7481"
6a143714436e67002d0e869f,thirumoorthy-automobiles,"6a143714436e67002d0e8689"
6a145456cf34b20019f5ebf0,devion-systems,"6a14531baa6cc4002c46d0ef"
6a146d61aa6cc4002c4bcabc,hotal-stay,"6a146d600b27f8002118e056"
6a1471e6436e67002d1dcd09,pinky-cable-network-918npn,"6a1471e6436e67002d1dccfd"
6a14740cdf95e00021729c53,sgi-47hdfl,"6a147390e342fe0019811e7f"
6a147623e342fe0019816cac,durbaar,"6a147623e342fe0019816c95"
6a14783caa6cc4002c4d3008,rahul-bukkanure,"6a14783caa6cc4002c4d2ffc"
6a14f6f7e342fe001988248d,vijay-enterprises-1gmdba,"6a14f43b0b27f800211fd1f0"
6a14fc97cd29d500121e7a7b,soumojeet-dey-enterprise-agzwkq,"69d60081c69f9100198326da"
6a150d4baa6cc4002c549b86,advika-enterprises-1iwkab,"69e764759cea2d002c3c4f64"
6a152e16e342fe00198ee716,skyway-infosystems-k5vklk,"6909b07fb3a0aa0012e03c67"
6a153351cd29d5001227f67a,ms-chand-steel-fabrication-works,"6a153350cd29d5001227f66a"
6a1539deaa6cc4002c5f6a85,navsankalp-energy-consultant-private-limited-oltnoc,"6a153966e342fe001993b326"
6a153d76cf34b200190ef1ec,bashir-ahmad-ahnager,"6a11d53a9f4c8c0012cac687"
6a154951e342fe00199c886d,ayisha-shoes,"6a1548e7df95e000218cc881"
6a155396df95e00021925e00,prashant-patil-l8hyjg,"6a155395df95e00021925de6"
6a156faa0b27f800214a0257,bharti-mobile,"6a156fa7436e67002d4afec8"
6a1587c9b6e6f7003100e18e,viaan-engineering,"6a1587c9b6e6f7003100e172"
6a158f20fe4ca2001242efe2,mi-authorised-service-center,"6a158f20fe4ca2001242efd1"
6a15caf268c408002dd4a2e5,the-cozy-corner-homestay,"6a15c8b15a4afd0012c78af6"
6a1678f1738bf0002194faa0,kk-stationery-and-general-store,"6a0fefbe854bfa002d0060bc"
6a1684a8a8b5130020792389,pondyinfinityads,"6a1684a8a8b51300207922fa"
6a169aa803d4cd001983a9fe,seller-lemmmz,"6a169a777dae950019bf4ca7"
6a169c237dae950019c10a43,lamayuru-consulting,"6a169bc7a8b5130020835eeb"
6a16ce639e7a410030bccd1c,a-to-z-ev-solution-pavqql,"6a168f0603d4cd00197da1e8"
6a16d166e70ba9002b1ed4a5,kamodini-farmer-producer-company-limited,"6889d1575476860053044aff"
6a1740c1a8a84c00188a86bd,bag-world-5pbwmq,"6a1740c1a8a84c00188a86b1"
6a17a3c0e70ba9002b380275,ram-singh-enterprises,"6a17a34305f1e90012b2a6be"
6a17f9a6e3cf4900198b583e,wellcome-media-b17827,"6a17f8c39606e2001fc3663c"
6a1800fd6f52a000315669ee,amar-enterprises-zz9kcd,"6790849c263e0502243933f6"
6a181058e70ba9002b586570,diva-creations,"6a180fe3a8a84c0018aa0703"
6a1813cd6f52a000315e711a,indeed-service,"6a1811d2e70ba9002b59339a"
6a18366f9606e2001fdeebfd,creative-canvas,"6a18366ee3cf490019a7f1bc"
6a18a088a8a84c0018c8eeda,reliable-trading-3y5nch,"686fa38c64189f0012f1ebbf"
6a1908f637b1720020763a6b,ags-packers-movers-jltmzb,"6a19085da8a84c0018cc8f7d"
6a191774a8a84c0018ce6ce5,wit-global-india-pvt-ltd,"6a042f54bce73d002175d2d0"
6a1951aa9606e2001f0ca21c,kalasam-lawns,"6a19512537b17200208fe08b"
6a1974ebda45020011e27747,abhaya-anjaneya-earth-movers,"6a1974ebda45020011e2771d"
6a1985d813603e0012094ef1,sarvaratan-spiritual-llp,"6a1984b5d2bf18002ddf0353"
6a19a08213603e0012139bfc,natwar-lal-and-daughter,"6a19a08213603e0012139beb"
6a19b2afe3099100198199e8,muskan-interprises-xd5b1e,"6a19b238a0505b00217f70d4"
6a1a91b25180c2002d5cda93,shyam-raghurai-pvt-ltd-cc75vz,"6a1a9146ecd26400203ce719"
6a1acc287feb6d001224e772,venqon-tech,"6a1acb79e309910019ae3627"
6a1ae8aed2bf18002d21ea3f,rbian-infotech-private-limited,"647a3d29023c6400122771e2"
6a1b25532963ef0019d0aa45,m-k-padda-consultancy,"6a1b25527feb6d001233605b"
6a1b3ce05180c2002d8397b6,lost-motion-films-6jbzdm,"65154a3f95e7310012d70c81"
6a1b46eca0505b0021c1eff6,hire-yoo-infotech-private-limited,"6a1b46eb13603e0012527e7f"
6a1b8aa8a0505b0021c30957,shri-salasar-enterprises,"677e7aee04a3c4029d4645ce"
6a1bbe1eecd264002066886a,pragyan-communication,"609f612facde010012cb7481"
6a1bf1afd2bf18002d31dd52,hire-syncronization-pvt-ltd,"69eba4e71f3a84002b1ad128"
6a1c1141a0505b0021d1db5b,a-h-classycloth,"6a1c1141a0505b0021d1db4f"
6a1c1c577feb6d001242e8e9,3s-sports-wholesale-sports-wear,"6a1c1c56a0505b0021d394ea"
6a1c5130d2bf18002d3d94fc,fismo-oistre,"6714dd36e19224008d6d59fa"
6a1d20b85180c2002dad50fc,mizugami-marketing-private-limited,"6a1d20b513603e00127d6bf8"
6a1d2c82228afd0012f8fc93,snr-gas-agency,"6a1d2c81aefaf0002194f47f"
6a1d32874b7466002c2946e1,axe-clue-consultancy-services-4x5in7,"6a1d323fc76ae600196cf230"
6a1d58d6630c880011508684,om-family-restaurant,"6a1d58d44b7466002c3df7a6"
6a1d60c50816c6002050c718,rms-global,"6a1d60c404a0e00018edc542"
6a1da13d96c115002d244afa,confident-traders,"6a1da0b804a0e000180bdf19"
6a1dcd154b7466002c65a925,anb-global-enterprises,"6a1dcc960816c60020742ce4"
6a1e632996c115002d35e935,rudriksha-infra-projects-private-limited,"6a1e5f0bb0cb100012a31655"
6a1e711cb0cb100012ac8334,the-seventh-muse-hppdcp,"6a1e70d1630c8800118ea8ab"
6a1e766d4b7466002c7ca3ee,mallika-floral-fo8gsh,"6a1e760e96c115002d3f0f9b"
6a1e7886e03c650021ea54ab,nxt-automation,"6a1e78844b7466002c7dd541"
6a1e80d40816c600208ebcc0,seemakumari-pathak,"6a1e80d40816c600208ebc7e"
6a1e9748e03c650021fb24e3,hyperlinq-technology,"6a1e97484b7466002c8ce98b"
6a1e998fcc7a060021839785,azad-trading-pathshala,"6a1e994396c115002d50da0d"
6a1ea76b0816c60020a3e7b8,neurawave-technologies-private-limited,"6a1ea063b0cb100012c6775f"
6a1ed2cec76ae60019f5ffcc,ms-salman-traders,"6a1ed2cec76ae60019f5ffab"
6a1fb25ae03c650021386615,frush-homes,"67bef385278f7b00207a969b"
6a1fb2a24b7466002cc4a328,h-plus-architects-feeszf,"6a1fb16bc76ae60019114b76"
6a1fb2f1630c880011e6aac9,valencia,"6a1fb27b04a0e00018745047"
6a1fbcbe0816c60020e10b9a,mamta-singh-vwkowr,"6a1fbc754b7466002cc7e855"
6a1fbf0404a0e000187aa739,bss-parkwise-facility-services-private-limited,"6a1fbf0404a0e000187aa726"
6a1fcea596c115002d9bba4b,scrollmint,"6a1fcea4b0cb1000120b29df"
6a1ff43104a0e000189642ae,mm-enterprise-m9k68w,"6a1ff25b4b7466002ce4581d"
6a1ffafae03c6500215ff053,all-in-one-solution-x6tgjr,"6a1ffaa6b0cb100012236078"
6a200461630c8800111278d7,earthora,"6a20046096c115002dbbb04d"
6a20063fc76ae600193d421a,my-party-suppliers,"6a20063fc76ae600193d41fa"
6a200a7c0816c600200b3af2,brand-packaging-g8zdxp,"6a200a7c96c115002dbf81b3"
6a2011636c5bcb002d77b60b,ms-rajpoot-traders,"6a20115c6c5bcb002d77b267"
6a201940dcbf770012e37c83,jyoti-fashion-ze8qj9,"6a201940dcbf770012e37c68"
6a201dc8d99183001988f224,adore-dezigne,"6a201c9f517b940025edfae9"
6a20226c6c5bcb002d7e8292,the-madras-marketeer,"69cbcbb1b012f3002b2a4780"
6a20247d6c5bcb002d7f34b3,retail-first-india,"6a202086539d6900121df82e"
6a2030feb2b2880019c44bf8,ap-mobility-india-private-limited-2bt8nx,"6a20304a539d69001224af47"
6a205617dbfa9f002501cdd6,maa-banglamukhi-trading-co,"6a205532517b940025fe67d3"
6a207131dcbf770012f8ef02,neotec-waterproofing-and-building-solution,"6a206fb16c5bcb002d8df232"
6a20e79fdbfa9f00250ccab8,elfect-enterprises-m6cwgw,"6a20e6e2dcbf770012ffcc6b"
6a210ca2539d6900123f33df,nd-distributor-maa-jhandewali-hp-gas-service-gyz6g5,"6a210122b2b2880019daf134"
6a21172e2812f000190747cd,futuristventures-power-and-engineering-services,"6a21172d70ea9a0025ba9d69"
6a21221a2812f000190de3f8,mbaedge,"6a2122192812f000190de380"
6a213fb879a29c001239f66f,deccan-cuisine-caters-f7lw9e,"6a213f5e7eac6d00190c68d7"
6a21471082ad66002e697055,daksh-dry-fruits-and-seeds-gallery,"6a21470e82ad66002e696fd8"
6a2150a399a5ab002dd4fa59,swasthy-wellcare-private-limited,"6a2150a1df0c16001201bc4f"
6a21582300cee8001f592baa,maa-shyamalai-internet-and-print,"6a21582127b2c600306e3d44"
6a215a3c8da5d50011b184cb,sriram-bharatgas,"645c8ae3737d590011fc2f1a"
6a216a09cb3a28002d8a4d6a,zero-leakage-llp,"6a216a09cb3a28002d8a4d23"
6a216d278bd3ba0019f01e67,quvikme-tech-solutions-pvt-ltd,"6a216cc527b2c600307a1973"
6a2177dc8da5d50011c41338,om-rishbahdev-technologies-private-limited-ebo79i,"6a2177411a955f00121b1756"
6a21856ad66ed60018a870dd,zerofoot-it-services-and-consultancyopc-private-limited,"6a218488f6aa4f0020760c2c"
6a218624cb3a28002d987a51,mantra-enterprise-s19wph,"67f1013d5f50820019d2882f"
6a218f7c8bd3ba0019fd7254,elani,"6a218f7c8bd3ba0019fd7248"
6a2198141a955f0012268a3f,gk-infrastructure,"6a21981327b2c600308a6267"
6a226b25d66ed60018c9d945,nizami-transport,"6a203130517b940025f66c55"
6a226b351a955f0012472959,sam-plastics,"6a226b351a955f0012472927"
6a228094618ca3001382c22d,aman-traders-ktj9m2,"6a0cac608f5f93002d7f09ad"
6a22c000acad160020bda4bf,ci-tech-solutions,"6a22bffeacad160020bda422"
6a22d8edacad160020c6d2a2,qbitio-technologies-private-limited,"6a22d7a1aeb49000217e5650"
6a23021a952a5f0012844849,jayant-trading,"6a1b05b9e309910019b8d029"
6a2302e1aeb490002189e4c5,ratan-services,"6a1b05b9e309910019b8d029"
6a23a05f952a5f0012980c54,satvik-stay-and-food-food,"6a239e2b20566e00199c483b"
6a23b087f832350012b12bcf,ayushi-edible-oil,"6a23ac8eacad160020eea9e6"
6a23bc583453560019e3c72e,shree-ganesh-bag-house,"6a23bc5738f4b1002c80450d"
6a23d1f1952a5f0012abe7fa,ankit-time-packers-and-movers-fzrupf,"68af0c5ea52521004c8942dc"
6a23e4173453560019f66fd7,intelligrow-agri-solutions-llp,"6a23e4173453560019f66fbe"
6a23e8e020566e0019b9d7b9,antirise-xdb9qb,"6a030ccfa6d12e0012c3cc10"
6a23e9182d7191002dab8f63,solstice-9oiium,"6984229c23c367002a9b6199"
6a2438c03453560019125009,granite-imagery,"6a2438c0952a5f0012cd3d14"
6a250978f832350012f5584c,jaydeep-enterprises,"6a250977acad16002032d3ee"
6a251095aeb4900021ec2191,kudla,"6a251094aeb4900021ec213f"
6a26357e2d7191002ded5946,uplinemind-digital-services-private-limited,"5fb91c30f07f3a63576d6a83"
6a266114952a5f0012011ea4,balaji-space-solutions,"64a3bc4867531b00115c9d33"
6a2668eeacad1600207eccdb,sri-manikanta-enterprises-ntzprh,"65530b7462c351002be08859"
6a266df65f3fcd002c862d40,risex-venturess-s8ezbp,"6a266cbdaeb49000212d621d"
6a267365d2dc040012ef1a53,fixx-n-go-automobile-care,"6a26726a643e5a0021f42a03"
6a267899b2b0f2001985cf8f,bhagchand-khubchandani,"6a26789893ff4f0012b7e5b6"
6a268f5d643e5a002104f349,kirandeep-das,"6a268efbd2dc040012ffce3e"
6a2693931b265a002c1de9b6,boldfame,"66aca518dc03a500484ed9e5"
6a2697c21b265a002c20fe9f,nemesis-enterprise,"68ca4e4d58ee7e0032baa23e"
6a26a22523ace00020b41d39,tech-rabbit-plhz1w,"67f3e12e9ca26a0043f1cabc"
6a26abbc93ff4f0012d8fbe7,inqube-media,"6685aea064626200575120e7"
6a26c3d8643e5a00212a7961,play-novation,"68fc9d7792e095002bac17cd"
6a26ec6d23ace00020d794f0,radhika-store-jbz3u5,"6a26ebe6d2dc0400122eb23f"
6a26ffda1b265a002c507c6b,craftsphere-ygn8gc,"6a26fbd14beee40031da30c0"
6a27020893ff4f0012fae46c,creatortube-media-llp,"6a2701c623ace00020dc8f96"
6a271d3923ace00020e1c315,pixelpen-media,"6a271cced2dc0400123939ab"
6a278b5a0f373a001955070e,desai-buildtech,"6a278b01d2dc04001244786a"
6a27a99023ace00020f9534c,maxvanija-global-india-pvt-ltd,"6a27a98e93ff4f00121629a6"
6a27c89493ef3b00190ba251,titan-world-top-time,"6a27c89493ef3b00190ba23a"
6a27cbb21a7763002e4e4f30,atharva-enterprises-n3yr35,"6a27cb71629469003121bb91"
6a27ef38364ee7001938edfe,4monic-technology-4mfaq2,"6a27ee961a7763002e653112"
6a27f08a93ef3b00192421c1,dibrugo,"6a15c8b15a4afd0012c78af6"
6a27f73bfae9c5002122b1c4,msintellisolutions,"6a27f737fae9c5002122a9f7"
6a27f772fae9c5002122d434,rudrav,"6a27f771364ee700193e055e"
6a280ae6ab59bd0020356386,v-maax-global-industrys-private-limited,"6a280a6b364ee7001948aa12"
6a2824f0ab59bd00203fcd17,apex-power-solutions,"6a2824ef93ef3b00193eade1"
6a283094364ee70019588aad,harshly-innovative-engineering-pvt-ltd,"6a283094364ee70019588a25"
6a2846adfae9c50021420f99,sri-krishnarjuna-welding-work-shop,"6a284468fae9c50021414e23"
6a28e77b62946900316ac079,kyara-enterprises,"6a28e77b62946900316ac06d"
6a28f44919c7ae0012ba5d3c,dee-marks-hotel-and-resorts,"6a28f44919c7ae0012ba5d23"
6a28f6ff62946900317084fc,pragbis-technologies,"6a28f25862946900316e72b5"
6a290d11fae9c5002167a4a0,mohammed-faisal-jxqj5j,"66165dcdd5f7d30040a1f109"
6a291c54cd908800319937bc,the-holidays-circle-jz3o4l,"6a291c52b160ee0020074ed5"
6a29295971049300193ab900,swami-production,"6a29295971049300193ab8e0"
6a292e33396da400127a079a,libas-fashions,"6a292e33396da400127a0787"
6a295586e64a16002d7a4fd1,sellerfoster,"6a295586e64a16002d7a4fb1"
6a295762d45b2e0012cf5ddd,mishrivet,"6a295760ec7f570021930916"
6a295f3fe64a16002d7efb84,shm-traders,"6a295f3fe64a16002d7efb6f"
6a29619de4698200210f596a,sanatan-solar-syizg2,"6a295abcec7f57002194c408"
6a29633d8196f10021805082,ray-services,"6a29633d6bd63700199c0208"
6a296d25d8d5fd001964d0fc,shree-shyam-enterprises-yxq65u,"6a296d24d8d5fd001964d0d5"
6a2976986beaec0012ec3634,levora-global-exports,"6a2975fcbc83b20031f31697"
6a2981e5617b3d0012d995a8,vasumathi-technologies,"6a298101d8d5fd0019696760"
6a2986ab11386b002ddb6434,artospices-yx8fla,"6a29860a11386b002ddb37a4"
6a2993ac42cb3000218e2470,bittu-transport,"6a298531d8d5fd00196a590e"
6a29a00d42cb3000218f804d,cristyn-digital-opc-private-limited,"6a29a00d42cb3000218f8041"
6a2a262d9358e30012bc5964,east-india-shipping-company,"6a2a25ee42cb30002196d5d5"
6a2a3ee6b9deda0019f950d3,deepinternational,"6a2a3eb1f0612d002d254535"
6a2a478f5692bd00218560ec,ranbow-mart,"6a2a431ac4383a00123ebc4a"
6a2a6d1a42cb300021b4e1a0,pg-precision-engineering-services,"6a2a6d185692bd00219be41c"
6a2a81391762c80012fb4eac,krizadiv-ethnics,"6a2a81391762c80012fb4e8b"
6a2a862fc3737c002c8ee780,yes-germany-education-private-limited-huia61,"6a2a85aa7a756d0021fcab00"
6a2a926d7d25470012942a84,rudra-engineers,"6a2a9210e74a080019a041f9"
6a2aaaff7a756d002111e3bf,ramdev-traders-yoj5xe,"6a2aaa9faa965a002d5001d2"
6a2ae36d34698e00318488d6,vansh-umbrellas,"6a2ae36c34698e003184884b"
6a2af8f258c5620012294432,ridan-infra,"6a2af85a0c94fc0020b38693"
6a2b9f50dd51aa001933d335,expo-gas,"6a2b9f4dd6d156002d48379e"
6a2bad9958c56200125aeb25,v-d-enterprises,"67f2c29d9ca26a0043cc614d"
6a2bb29e58c56200125df1ca,print-tox,"6a2bb23b58c56200125dbae8"
6a2bbca90c94fc0020eb77c1,abbas-machinery-and-power-tools,"6a2a9210e74a080019a041f9"
6a2bc21c2749e200127e2b85,divya-patthar-private-limited,"69392929d2779f001110f23a"
6a2bc4254433790019fb2219,skairconditioner,"6a2bc4254433790019fb220a"
6a2bd2e0cbeb7d001394bc93,virupaksha-ventures,"673da9913ca16101d7ee45c0"
6a2bdbd121891e001a58bc51,renuka-enterprises-kfdbvv,"6a2bda2221891e001a57ae62"
6a2befa2b3bfc6002d56d8da,gir-amrut-organic,"6a2beef3b3bfc6002d569e85"
6a2ce67bc1ba670012ca11d0,uniti-solution,"6a2ce67ac1ba670012ca10e9"
6a2cf309294f910021facdd0,gouri-electronics-rawatbhata,"6a2cf3089781f20021255b47"
6a2cf77d5fb52f002d69f5ce,cliff-consultancy-services-private-limited,"6a2cf700ec740b002d6c5766"
6a2cfb86ec740b002d6df95d,maa-narmada-solar,"6a2cfb855fb52f002d6b9752"
6a2d01bf5fb52f002d6e5e5a,satai-global-llp,"692ff552e3f76a002a7a50d6"
6a2d091a294f91002104f888,aarynox-traders,"6a2d08ac9781f20021305bd5"
6a2d3b89ec740b002d8879d3,zarks-and-co,"6a2d3a5f2dada400194ca5d4"
6a2d4302294f9100211da988,maa-ashoka-enterprises-r2ppht,"6a2d4290ec740b002d8b730b"
6a2d46215fb52f002d87f46a,foresight-design-concepts-private-limited,"6a2d46202dada40019510d37"
6a2d67d5c1ba670012f4e142,jay-ambey-enterprises-w7yqcu,"6a2d6774294f91002127f380"
6a2d9d5e9781f2002156e04e,aj-fashions,"6a2d9d5e9781f2002156e042"
6a2e3026c1ba670012fdc344,shaaz-international,"5f1048eeaff3ec118e59d06e"
6a2e34335fb52f002d9b2d3b,echo-logistics-udmnuq,"6a2e33eb1c4f760012393e86"
6a2e7c652dada400196f2a28,land-tag-survey-e4tu2g,"6a2e7bfe2dada400196f121d"
6a2f6c8f9781f2002176dac0,maa-construction-company,"68f09ae481145d00201c8ae2"
6a2fdc06ec740b002de65466,reliablekart-solutions,"6a2fd89dec740b002de498d6"
6a2ffd87294f9100219ad68e,denim-project,"6a2fd5deec740b002de300d8"
6a302af6ec740b002d01c2be,velmora-trading-private-limited,"6a02df964a085a002558d138"
6a3030229781f20021c2fe21,apex-experiences,"6a28eaa6fae9c5002156237c"
6a3037273331c100193f41d0,crazzycartin,"6a3037263331c100193f4165"
6a30398e3331c100193f7427,shree-industries-sp5wl6,"6a30398e3331c100193f741b"
6a30bbe4294f910021ada64a,perfect-solar-system-and-service,"6a30bb601c4f760012a56bd5"
6a30e5783331c100194f10a9,g-fresh-retail-pvt-ltd,"6a30e5089781f20021d286e9"
6a30ea972dada40019e17742,rasibalaji-holidays,"6a30ea972dada40019e17727"
6a30f76d9781f20021dd9e3e,hindustan-international-courier,"6a30f76d9781f20021dd9def"
6a311fbe3331c10019721e16,asclepius-wellness-private-limited-is2fql,"5e43db371f379145adaf15b9"
6a3123f6ec740b002d355d12,enspire-device-private-limited,"66053757f1926b00278cd6b5"
6a312a039781f20021fb01a9,katgrid-pixels-studio-opc-private-limited,"6a312a013331c100197817a9"
6a313a77b412b50019c63c59,vidhika-agency,"6a313a76b412b50019c63c4d"
6a313b00ef469c00215225d1,roma-imperail,"6a313b00ef469c00215225c1"
6a3155cd32b23300217e36fe,golait-dairy-products-llp-31p1m4,"6a31558d6f4c590012965d1f"
6a315c7aa83d87002079a60d,aditya-tradng-co,"6a3156ddaec60a001231f9a1"
6a31985acef584002cb8cb4b,darjeeling-village-farm-and-homestay,"6a319859ba1bf2002d2f81b6"
6a31d114574d4e00205fc4a0,bizzhub-devops-pvt-ltd,"6a31ce89574d4e00205fba5a"
6a3215685f64aa001977e4b4,fortune-constructions,"6a2a5ed89358e30012d1f62f"
6a322462ddc1a50021e513ee,nimish-electricals,"6a322461ddc1a50021e513e2"
6a323953e95401002d9b2ec1,evs-motors,"6a323952e95401002d9b2e46"
6a32844e0954050019ef44cf,sahni-associates,"648016de5c8eb8001a6843c5"
6a328b28427b16002c44e763,aimarkex,"65566ffa75802100199ed9e1"
6a3292cc08ae9d0012488cd3,pm-stone-gallery-8sef5z,"6a3291397c255e002d28c8f7"
6a32a8417c255e002d311d1a,precicom-3d,"6a32a8417c255e002d311d06"
6a32e20f7c255e002d3a3573,evolve-space,"6a32e003095405001906925b"
6a32fa8333086a0021a73c2f,sovereign-axis,"6a32edb733086a0021a6c127"
6a3376e0e067bb00124f2fc6,debcart-manufacturing-and-trading-co,"6a3376e0e067bb00124f2fb0"
6a337720427b16002c615f6b,m-s-construction-cysj3i,"6a337720427b16002c615f59"
6a33b38133086a0021cfca62,humanlink-workforce-services,"6a33b38133086a0021cfca3c"
6a33c50133086a0021d8e502,edupro-hub-private-limited,"668685e364626200575d2d92"
6a33d4b17fab8400193a1e34,du-rebar-llp,"6a33d4b17fab8400193a1e1b"
6a33de7e33086a0021e883b3,ai-marketing-lab-lmwthi,"68fb18b8c76c680048dd04fd"
6a33e78fe067bb00128dfea0,deepak-paper-products,"6a33e78fe067bb00128dfe8f"
6a33e7f57c255e002d803924,new-hind-packaging,"6a33de1ee857c90021f2c326"
6a33f19c7fab84001948ea82,trava-stays-vtgspd,"6a33e73309540500194adc9c"
6a33f33d0954050019506308,shri-vaishno-devi-electrical-works,"6a33f2c9e067bb001292dcc9"
6a340385b46f79001266895b,aditya-student-xerox,"6a3401c9d83f2b001987f07f"
6a34a152b46f790012731992,asai-enterprises,"6a34a0fb92394b0025e6c1a8"
6a34c153b46f790012757553,heerainfotech,"6a34c0c178095c002d31b3ec"
6a34e0d8b46f79001280cc1a,new-national-agri-works,"6a34e05a6c2c73002c7cf03d"
6a34fd706c2c73002c8af272,vyanexa-technology,"6a34fd6f78095c002d4b6b6d"
6a350033f4ea48001268c7a9,shri-ganesh-manufacturing-garments,"6a34fde792394b00250221b3"
6a350f24b46f79001296bbea,sigma-labs,"6a350f24d83f2b0019b6db8b"
6a351586b46f7900129a4ed3,shree-bhawani-stores-wcioq5,"6a168f0603d4cd00197da1e8"
6a352349c1e0980018222a59,carpe-dime,"697de3ed81603a001fc78164"
6a35243f830f160011e25c74,sps-chilling-centre,"69fc7680297371002026bc91"
6a352aff0ecaaa00126356e7,luxe-architecture-and-design,"6a352a36ad542200192285f4"
6a352ebbc91f8d0031a07a43,sri-lalitha-tax-consultancy,"6a352ebac1a107002bfd3217"
6a355140c91f8d0031af1d34,groovy-angel-2f9dnr,"6a35513fc91f8d0031af1c12"
6a35a4020784eb001229bd7d,elios-wholesale,"694fc6fa31e5e9001f1ee5c2"
6a35dc5643a475002c21d4ea,novel-ventures-ftonz9,"6a35dc098aba920019619521"
6a360a711b23d20012ac7aa9,dwaa,"6a360a711b23d20012ac7a8c"
6a362e3ee8e5db002d7f4fc3,mr-technology-d27grf,"6a362e3ee8e5db002d7f4fb0"
6a3656aee87a6d0019494a83,apoorva-service-station,"6a3656aee87a6d0019494a6f"
6a368d9ce94d0d0012b7959c,gopichand-trading-and-company,"6a368d990442ef00191d63a3"
6a36c540ff3c15002d716668,vikram-garments,"6a36c540ff3c15002d71665c"
6a378c5a0c24380012325caa,aptivision-technologiescom,"6a378c040c24380012325363"
6a37c7dceeaa100025b2e3c8,d-serve-enterprises,"6a37c7dceeaa100025b2e3ba"
6a37c840d8953e00211300d6,sigh-bariasa,"6a37c83ed8953e0021130037"
6a37df8eaaa80900121035d9,arins-jewellery,"6a37df8eaaa80900121035c9"
6a3810a80c243800124511ff,bhagirathi-residency,"6a380f020c2438001244d397"
6a38bdbe565b2e0019e7929c,digital-pattarai-iu5fmt,"6a38bd8daaa80900121fb484"
6a38cf22c5bb600019132841,aakar-developer,"6a38cf21aaa809001226e4af"
6a38d96a9e45ce0021822645,paramount-enterprises-r8zmkg,"6478360bf7cf4f00195cb073"
6a38e970d8953e00213a9e5c,ms-priya-restaurant,"65781306cef62e002be55d00"
6a391f93478d8c002d290557,golait-dairy-products-llp-ofayis,"6a391f6fff3c15002dd2d51c"
6a39fffe0c24380012a9bd59,avani-tour-and-travels-oc45po,"6673f4fccede3c0048e7e45c"
6a3a30c2f4832c0012fe5a9f,jai-mahaveer-infra-and-constructions-llp,"61cb01d803b06800141e91ea"
6a3a4239c5bb6000197f3297,brookus-innovation-private-limited,"6a3a3701eeaa100025383aeb"
6a3a4366c5bb6000197fa3a1,an-enterprise-tdpn1t,"6790849c263e0502243933f6"
6a3a707944f7af0031079347,the-nut-luxury,"6a3a7078c5bb60001998a00e"
6a3a72a9c5bb60001999b52f,smaf-enterprises,"6a3a72a9c5bb60001999b50d"
6a3a768b565b2e00197475b8,sks-infra,"6a3a6641eeaa100025537c1c"
6a3a7f14aaa8090012b5a0fa,shiva-prints-and-events-2x83ug,"6a3a7eb4478d8c002d866629"
6a3a7fa6478d8c002d871d75,jaidev-traders,"6a3a7fa5478d8c002d871d3e"
6a3a8e1a565b2e00197ea0f9,gk-blue-metals,"6a3a8e19478d8c002d8e591a"
6a3aa2a9565b2e001984061f,shiv-media-productions,"6a3aa2a8d8953e0021c79edd"
6a3ad5a6478d8c002d9ba7dc,kamal-enterprises-nqptzm,"6a3ad5a6478d8c002d9ba7d0"
6a3b58b1478d8c002da39924,karak-chaa-ctk3os,"65b9cffe6615eb0019d2aaab"
6a3b995eff3c15002d67e527,galaxy-bakery-product,"6a3b987a478d8c002dc279cc"
6a3bb8fb062d5e0012fe1ca1,piston-auto-works,"6a3bb41dff3c15002d76a99d"
6a3bbe81775dd00012e960ea,kb-travels,"6a3bbe80775dd00012e960de"
6a3bc690cb6c4100214fc12c,sv-enterprises-ahevxj,"6a3bc690cb6c4100214fc115"
6a3bf5a731016b002f96d2da,the-ex-mobile,"6a3bf326775dd00012ff6723"
6a3bfcbe31016b002f97edb8,spiritual-house-alovod,"6a3bfcbd77eafd001273a7a5"
6a3c152609df25002d07b2e0,omkar-traders-lperk9,"6a3c152577eafd0012764927"
6a3c366f775dd0001206dd27,grasshopper-production,"6448c436cdc7a50011d6deee"
6a3cc4e69e4557002032a7d6,nashvery-ecommerce-private-limited,"6a3cc47fcb6c41002176f5b2"
6a3cce659f73a70019115c27,jalpesh-farmers-producer-company-limited,"6a3cce6009df25002d1ebb35"
6a3cea3309df25002d2deba5,pb-electronics-8q8t2h,"6a3ce95777eafd00129d3690"
6a3cfa5c9e455700205210e3,bab-89rqnp,"6a3a267c478d8c002d54f721"
6a3d0b7c31016b002fd7351f,ultratech-cement-pvt,"6a3d0b7b31016b002fd73480"
6a3d37619f73a700194d7e91,brandtrix-advertising,"6a3d3710cb6c410021b0ed06"
6a3df29d530497002d1c974f,ravinder-ambulance-service,"6a3df29ccb80ee0025392bda"
6a3df4aa4ca6ca001239ea00,av-trading-company,"626fc02842e55c00122ab83b"
6a3e2373aad1ba0019c80114,shinde-global-trades,"6a3e2331530497002d2ff6bc"
6a3e314fa8bb4b003124da20,dk-paint-hardware,"6a3e314b19b364002116e005"
6a3e4181cb80ee00255d27d4,shree-enterprises-x73tvz,"6a3e4181cb80ee00255d27bf"
6a3e482b0b57e0001327de57,ashapura-motors,"6a3e482a0b57e0001327dde6"
6a3e521b2168fd0020a084ec,flexigo-e-mobility-pvt-ltd-5u5u8r,"6a3e4d6b2168fd00209d90b5"
6a3e521c99e935001a7f79ea,geeta-traders-ygks7z,"6a3e521c99e935001a7f79cf"
6a3e5f5d1d39e300316cf9af,singh-nutrition-qdc7ib,"6a3e5ee311595d00190167bb"
6a3e704ebd7d3f0012e74fd6,matt-yto16p,"6a3e702a8892a8002c15edb6"
6a3e71d621f41300316542e5,ankit-raj-psu9c4,"6a3e6ffab207aa00190a3b52"
6a3e79d721f413003167fa7b,aj-consultancy-services-rxowdr,"6a3e74dfbd7d3f0012e97ba9"
6a3e8a08973d2d0012bde953,agnithrust-pvt-ltd,"68f10e6d547ee8001f47b9ff"
6a3ea7f231f79f0012e5aaea,jerifa-securities-and-manpower-pvt-ltd,"6a3ea7f231f79f0012e5aadb"
6a3f822c31f79f0012060323,mittal-trading-company-gvvxcd,"6a3f617b1d831e0012aa5906"
6a3f9d296ee4e800211ec806,hindustan-international-courier-wsdsfo,"6a30f76d9781f20021dd9def|6a4f575c7eda4c0021432fb0|6a4f808b37065a002dee2fc2"
6a3fc5b6c47a470019edd7e7,sunrise-computers-1tfumr,"6a3fc5b6c47a470019edd745"
6a40bdcdc47a47001904938a,agrawal-medical-agencies-t7rmmn,"6a40bb9bdc21910012339ff3"
6a40d4c4b3685500252e94a4,pari-asha-development-foundation,"6a40d47adc2191001237399c"
6a40e20d766b3c0019bd8650,neelam-food-products-o3nzru,"6a40e0d0c47a47001908eaa7"
6a40ffd5a602d0002cb7c397,pixller-technologies-private-limited-btv5eg,"6a40ff584516590031084657"
6a4114b0766b3c0019c35dcb,vasco-foods,"6a4114af766b3c0019c35d88"
6a41438bdc2191001243f119,ah-leathers,"6a41438bdc2191001243f10d"
6a4170b3083fe7003136ecde,bhawani-dresses,"6a4170b3083fe7003136ecd2"
6a4205a0083fe70031413aa9,srinivasa-computers-1yfl6z,"6a42059ef894b800124d118d"
6a42227397dc180021ea9024,kamshetty-saurabh,"6a421f743472ca0019adf3ee"
6a4238a51ddddd0012f9e168,siddhivinayak-sports,"6a4238502709c5002c430709"
6a42455b3b18bd0021f43e03,the-gudwala-jxj3ur,"6a42455a3b18bd0021f43de0"
6a424ddb767d4f0012ef420e,ayushi-furniture-533kr2,"69231c5a6188840025ac1a4d"
6a4259e77542c0003168949d,sri-rradhika-enterprises-tk829y,"6a4259e51ddddd00120e2136"
6a42ad9f7542c00031858e10,subh-labh-contributions,"6a42acb197dc1800212ce13a"
6a433123f61ead00191258d3,vinay-suri-architects,"6a433123f61ead00191258c7"
6a433526767d4f0012176058,dsp-traders,"6a433525f61ead001912a170"
6a4335a67542c000318e0d0f,wtb-ventures-llp-qzjc6r,"67b4813d20cb80002785677d"
6a433b4f767d4f0012181335,shivtara-agro-service-and-spares,"6a433b4e767d4f0012181313"
6a43486b7542c0003191834a,mishrivet-7o7wl3,"6a43486b7542c00031918338"
6a435ba32709c5002c857f18,gauswami-chiraggiri-jayantigiri,"6a435b0e767d4f001222179c"
6a437aee616acf001904382a,chirag-enterprises-mu2825,"6a437a8a3f8ec3002d1c36db"
6a43863096bf5e00123297e8,seelam-pavan,"6a43862f96bf5e0012329782"
6a43890896bf5e001233e12e,the-carpet-emporium,"6a43890896bf5e001233e110"
6a439d38e35192002105625a,akash-air-tech-solution,"6a439d38e3519200210561d2"
6a43cd9296bf5e001257e305,mobile-bazaar-d881a8,"6a43cd9296bf5e001257e2e4"
6a43d3005680060019224f6b,phiscape-robotics,"696de2fdd1598d0018251fc7"
6a43e53ce35192002122d07d,ecomoryx,"6a43e453e158710021087b0c"
6a43f1cce351920021255901,kk-enterprises-47ppen,"6a43f1cce3519200212558f1"
6a44a8ca96bf5e001278c8b5,bhalchandra-enterprises-jqxd9x,"6a44a8c9acbf540012e4cb8c"
6a44b229834f5a002d233b68,suvarna-craft,"6a16c61a3ed72c002d2bcf04"
6a44b88214459b00129c1c99,the-narayana-gemsandjewels-4iwts9,"6a44b81a834f5a002d27d5f1"
6a44be7b8910780012879cda,rubbergardens-trade-links,"6a44bd00834f5a002d2c00e7"
6a44e79eef67a50019230f97,la-glorious-ievuzu,"6a44e79ceed8bb002d8db1bd"
6a44f0395b7ad1003156639b,worthhit-enterprises,"6a44eff0eed8bb002d93ac51"
6a450556001e6e0012e5f487,cresene-dreamworks-private-limited,"6a45045b001e6e0012e57c41"
6a451127a6796b0020d8dd6c,vicuna-overseas-lyxnoe,"6a42132a2709c5002c2c56be"
6a454669a6796b0020e8a450,shrangi-enterprises,"6a454668f27891002108c918"
6a4548832e883100190247c5,techswaper-consultency,"6a4547c87c0e6f00127d99ba"
6a4548f3f278910021092d6e,sri-gayatri-infra-projects,"6a4548f3f278910021092d59"
6a45578f2e88310019047b73,hn-enterprises-ymip5i,"6a45578fedce1c0031f31036"
6a455ef1001e6e0012ff5c63,maxwap,"6a455be8001e6e0012fec410"
6a4566cba6796b0020eceab2,beesmart-7v7qw2,"6a4565d7f2789100210cec02"
6a45f807001e6e00120ea76b,deepak-medical-store-h68ru9,"6a45f807001e6e00120ea734"
6a46058f4b12db0019388151,kunal-vinod-bhatia,"6a46058f4b12db0019388140"
6a4607c2a6796b002007e8b2,amit-enterprises-khr7ey,"6368bf793424a200115083c3"
6a4608b5f278910021257744,image-wooden-die,"6a4608b5f278910021257719"
6a461bcc4b12db0019460bb4,catalyst-point-consulting,"6a4618f2a6796b002012c192"
6a4620e04a541b002df92960,associated-export-import-and-trading-company-prizsf,"6a4620092be4700019190a9c"
6a462c5484fe2d0031669132,king-systems,"6a462c5484fe2d0031669121"
6a46406847a1a600194e71fe,s-k-mobail,"6a4640674150ca003163f660"
6a464c52a3a7a500121eb0ce,nira-healthcare-3j2fr7,"6a464c1e87606b0025c2271c"
6a4658c01f3799001994a2c3,payal-and-rishab,"6a46586fbeaa10002d1bbaa8"
6a465b5ef338e300127fda05,baldeep-singh,"6a465af6beaa10002d1d3c4d"
6a465c28e325c70021f1e3a4,mk-garments-umwqmi,"6a465bbaf338e30012800bcd"
6a46732df338e300128998dc,arr-enterprise,"6a46708087606b0025d373ea"
6a4675fee325c70021fc6a2a,creative-printers-kuuysf,"6a467576beaa10002d28855c"
6a467bfaa3a7a5001233f4de,marvelous-furnishings-v8rkfw,"66a9e653c7824e0077379ec8"
6a475fd64150ca0031aa7b7b,krishna-technologies-8qvwl5,"6a46138b0dd9cb002ddb5e59"
6a4787a787606b002511ce75,wemech-innovation-pvt-ltd-jxuk45,"6a4787a687606b002511cdcc"
6a479c67beaa10002d71e806,madhya-pradesh-police-housing-corporation-limited,"6a479c67beaa10002d71e7e7"
6a47ba15f338e30012e2b27c,square-enterprises-bwtasz,"609fc4e43a48d500137f8475"
6a47c5dc114bfb0020f04094,s-star-fire-safety-services-enpfyl,"6a43970c616acf0019138628"
6a47cca3d0b09f0032e41346,shree-shyamtarp-industries,"6a47cca3d0b09f0032e4133a"
6a47e0e7114bfb0020f60db6,sachin-mandanu,"6a47e0e6d0b09f0032e78a6b"
6a480e40a876ee003116db2e,anmol-cloth-house-ecpt7h,"6a480bea4b283000132564b4"
6a487c0c93f3fd00224f953d,ms-shah-hardware,"6a487c0c93f3fd00224f9531"
6a489c3fa876ee003123580f,azu-trinkets,"6a489b55a876ee003122d9a4"
6a48a057a876ee0031248ad3,new-jagdama-paints-store,"69942026bc7d380011d5b526"
6a48a334114bfb00200a0878,hardshell-it-solutions-pvt-ltd-ccu47o,"6a042f54bce73d002175d2d0"
6a48ba202be3fb0012f1425f,mr-sen-digital-media,"6a48ba202be3fb0012f14253"
6a48c07993f3fd002269de80,parsanjeet-sarkar,"6a48c07993f3fd002269de68"
6a48c4ab130faf0019f9c3ab,riserift-media,"6a48c4ab4b28300013468ffd"
6a48ca2ed0b09f0032120ed0,spareon-5gie5r,"6a48c69f114bfb00201b53a5"
6a48cbab4b2830001349de9c,growthix-technologies,"6a48cb362be3fb0012f93414"
6a48e68fa7d1d3001a6aed98,raj-agency-huld3a,"67efa968c3471d003c89112e"
6a48f7b6d0b09f0032292bdb,kangna-sharma-khemka,"6a4223eb2709c5002c37c220"
6a490ee3a7d1d3001a797c1c,parveen-kumar-jktf4w,"6a490ee22be3fb00121a389d"
6a49179ca876ee0031585b5e,ags-enterprises-pnacae,"6a49179ba876ee0031585b49"
6a4928d9114bfb0020438dac,lowcars-pvt-ltd,"6a4928d8114bfb0020438d9c"
6a49496f93f3fd002294568d,greenwheelsexpressservice-and-pvtltd,"6a494517114bfb002045ffd8"
6a496bccd0b09f00323a1236,vision-associate,"6a496bcb93f3fd002295e51b"
6a49702aa876ee00315f3849,elite-audit-servies,"6a497029d0b09f00323a4b36"
6a49e8594b2830001377320a,bhavani-enterprise-jeb8ws,"69390ff9f678200018b3de3c"
6a49f73e4b2830001378ebea,v-r-innovations,"6a49f44d2be3fb0012284b4c"
6a4a1348a876ee00316b2cd5,m-s-tourist-service-zwiana,"6a4a12f2a876ee00316b1621"
6a4a4a0ad0b09f00324f2390,tilak-brothers,"6a4a48dba7d1d3001a91c69e"
6a4b222ed0b09f00325fa693,gardenhub-nursery,"6a4b20552be3fb0012430ca6"
6a4b54b44b28300013a9d1d9,moraya-traders-en9x8u,"6a3fa7794516590031d99e00"
6a4b5ceea7d1d3001ab81df6,panindra-baruah,"6a4b5ceda7d1d3001ab81dae"
6a4b7b63a7d1d3001acb48cc,dc-service,"6a4b7b602be3fb0012709e11"
6a4b8734a7d1d3001ad25a8e,naturesy-enterprise,"6a4b8714114bfb00209d546b"
6a4b887f93f3fd0022f0f67a,shivam-enterprises-y3bpyu,"6a4b887f93f3fd0022f0f65e"
6a4b984d114bfb0020a76e98,metro-computers-hifvr1,"6a4b95b593f3fd0022f845d0"
6a4b9d08d236ac0019f3ebb3,artandcraft-with-pratima-njv4ds,"669143634f57720020f4ea62"
6a4ba1c454a8890021a858b9,raj-enterprises-lhj7kl,"6a4b9fa11a39a300124f4c0a"
6a4ba57a00eca60012a2de9a,bsmarketing,"6a3648e1e87a6d001943f0e3"
6a4ba5cb54a8890021aa5810,neil-distributors,"6a4ba5cb54a8890021aa57fd"
6a4babbd4b5b7f002df47634,nandu-prasad,"6a4bab89cb111a002ddbee59"
6a4bae1ffcd3b7001985f0e3,new-surjya-electrical,"6a4bae1ffcd3b7001985f0d2"
6a4bb17fcb111a002dde99b0,g-r-solar-solution-jcf3w5,"6a4bb17ecb111a002dde999a|6a4df06054a88900213c4cda|6a3f741b2706120019b09580|6a44f4628fa1ec00125163d6"
6a4bb7324b5b7f002df9653c,rbs-enterprises-zle7oz,"6a4bb60754a8890021b12517"
6a4bc404fcd3b700198d7db2,jai-hanuman-earth-movers,"69d2577057c08d002b156f6d"
6a4bf077f6c00a002035f22f,d-c-service,"6a4bd2c0f6c00a002031d035"
6a4c7bac4b5b7f002d0d4263,rakesh-maheshwari,"6a4c7bab4b5b7f002d0d4202"
6a4c812fcb111a002df6eeeb,adiyogi-travel-emf5ma,"6a4c812fcb111a002df6eedb"
6a4c87f6d236ac0019185d9f,traditional-hotel-and-restaurant,"6a4c87f5d236ac0019185d0f"
6a4c9292d236ac00191d16c4,road-to-nirvana-llp,"6a4c9292d236ac00191d16b8"
6a4c9ab9d236ac001921eba2,redquebs-innovation-private-limited,"6a4c9a1f7d455600121a2196"
6a4ca0ac54a8890021dae77f,suryoday-enterprise,"6a4ca0ab54a8890021dae688"
6a4cb40afcd3b70019ba5887,dr-pravesh-verma,"6a4cb40954a8890021e7494c"
6a4cb5d08d5ddf00127b84dd,ms-sai-nagesh,"6a4cb56bfcd3b70019bbccc8"
6a4cb7e1f6c00a00205fa966,ayush-international-xkvkfb,"6652d8b6bdb6b2003286ed57"
6a4cbfef54a8890021ef759f,hariram-engineering-6nxa5q,"6a4cbfef54a8890021ef7527"
6a4cdb348d5ddf00128fd382,shrung,"6a4cdb348d5ddf00128fd355"
6a4cff1100eca60012065d75,kari-jewellers,"6a4c53c400eca60012bb001d"
6a4d0becd236ac001963ee41,asadhi-infratech-7tr9qc,"6a4d0a948d5ddf0012a8043f"
6a4d2616d236ac001969eca0,maa-bhawani-traders-1xxfin,"67013196c1433a0019a06a5f"
6a4d3ed94b5b7f002d67f29c,laxmi-traders-5q9e94,"6a4d3d80f6c00a002096be12"
6a4dc594fcd3b70019fc824a,pulse-and-pixel-vpmdcs,"6a4dc593fcd3b70019fc821f"
6a4deabe54a889002138a6cb,iamelite-media,"6a4dea5acb111a002d64c4ce"
6a4e0f914d8d730019b405f8,metashield-system-u7c9xp,"6a4e0f914d8d730019b405e2"
6a4e19474d8d730019ba6b15,anaksha-serv-india-private-limited,"6a4e19477cea2b00318ebb07"
6a4e23e681591400121436a6,techy-geeks-agvx6w,"6a4e20ec81591400121203e4"
6a4e2d5299aa3b00216efa9b,wisdom-india-technology,"6a4e2cd98adfda00129e6cd3"
6a4e40bf3a64050021435591,aditya-traders-y89doj,"6a4e40bf3a6405002143557b"
6a4e46e899aa3b00217ef08e,doventure-solutions-private-limited-ikc9e2,"6a4e39f48adfda0012a6860b"
6a4e561e5b3762002d02dcf3,ms-loknath-enterprise-fy5y7s,"6a4e52954d8d730019d91090"
6a4e5f3020f38b002d59deaa,superwings-aviation-academy-pvt-ltd-m77zb7,"6a4e5f3020f38b002d59de8f"
6a4e855fd1acf90021311473,bharat-solar-solution-and-energy,"6a4e847a8e6e4b00127e3171"
6a4e87fcce099300120eeb5f,aanaya-agrotech-llp,"6a4e87fb7eda4c002120aca8"
6a4e8908ce099300120f01f3,manish-traders-nb6s8q,"6a4e88007eda4c002120ad1a"
6a4f2e81549a8200194b1242,shree-krishna-creation-erj7i2,"6a4f2d628636fc0031ab60b8"
6a4f462a7eda4c002137fba1,raghav-nextgen-energy-pvt-ltd,"6a4f462a7eda4c002137fb6d"
6a4f49c3d933cd002dc633d0,ma-kamakhya-enterprises,"6967d6e7941658001ff746ee"
6a4f559c8636fc0031c42c9b,sr-industries-vh9meo,"6a4f5555549a8200195fecad"
6a4f56f07eda4c002142f335,panipat-handloom-4ycqfx,"6a142d46cf34b20019e3d67c"
6a4f60bf8636fc0031ca678a,sdv-construction-ptdltd,"6a4f60bf8636fc0031ca6772"
6a4f667e7eda4c00214b8dd6,anupama-trader,"6a4f65d97eda4c00214b374e"
6a4f7546a57f9c00211add37,ns-channel-nob8za,"6a4f74f77eda4c002153f7d2"
6a4f85743a842b0019042499,yottatics-private-limited,"6a4f85743a842b0019042488"
6a4f8e2bd1acf9002170b30c,ettore-interior-and-construction-5j3x2v,"6a4f8d9c8e6e4b0012bfff8d"
6a4f90a8d933cd002df074f1,itbox-services-and-solutions-private-limited-hjizbo,"65f53dd572536301c1a8bafc"
6a4f924a6849580019c7596f,elite-ecommerce-hub-jad8yj,"6a4f91c96849580019c71c34"
6a4fa5a663e5130012c7ea13,mrinaya-studios,"6a4fa3a563e5130012c75948"
6a4fba82d1acf90021819825,slr-e-commerce-private-limited,"644e28905df2c80012b7a3c7"
6a4fe8f7d1acf9002187228e,shiva-enterprises-osvq2y,"6a4fe8763a842b0019218f59"
6a5006236849580019dfdd9f,mayukh-devan-sahu,"6a4f80a137065a002dee3e97"
6a507142a57f9c00214c9e2a,jaishree-jagddhatri-manpower-supplies-and-services-private-limited,"6a506f8e37065a002d14d31a"
6a5083a463e5130012df4518,al-turath-enterprises,"67ebbbd5921c6e003c0a7574"
6a5097c237065a002d25a316,shruti-agencies-nw2kcx,"6a509791d933cd002d1de43c"
6a50a93b25a5160019671762,elvon-lab-solutions,"6a50a93b25a5160019671749"
6a50bafd416d4b0012de398c,spk-infra,"65484ca2a042ae00127fccb0"
6a50bbc8a2880900123c9dad,mmuah-aesthetic-private-limited,"6a50bb7725a51600196e2f40"
6a50c353416d4b0012e298f4,arafaan-rxpdf2,"6a50c2cee2797c00310adad7"
6a50c56a25a5160019738cce,primeway-enterprises,"6a50c50a25a51600197360da"
6a50c8ba5260b70019008195,pranadaha-organic-p1oiv7,"6a50c7ef416d4b0012e53e94"
6a50d41e6c687d0021b856bb,jmp-enterprisese,"6a50d39d2439de00190fbf46"
6a50d5d46c687d0021b92bfd,lakshya-technologies,"6a50d5d46c687d0021b92bf1"
6a50d8a5e640ca002ce257b3,satyam-jewellers-pvt-ltd,"6a50d8a3e640ca002ce24edb"
6a50e5bb2439de0019186073,hopkins-creative-supplies-llp,"6a50e5ba61ba200021044c24"
6a50f3606c687d0021c7f683,shree-shyam-security-v88z5v,"6a50f35fe640ca002cefa608"
6a51012661ba20002110466a,optical-arc-pvt-ltd,"6a50fac46c687d0021ca51f9"
6a5111bdfe20030012918fe6,reddy-transportation-inc,"6a5111bdfe20030012918fda"
6a51b6672439de00192c7589,kavox-media-private-limited,"6a51b5654b0a1a0019e3de66"
6a51e9eb61ba2000212ee723,ashtamangal-mypmil,"6a4f91a46849580019c709aa"
6a51eab76c687d0021e5142d,brahmin-fabrication-and-engineering-works,"68abfdf0fe00500057d37eeb"
6a5206c8e640ca002c1db0c6,g-r-solar-solution-2gme8y,"6a51e2436f05510012fb2be5"
6a5216d940c60a002065bd19,mahadev-enterprises-l9kww2,"6673f4fccede3c0048e7e45c"
6a523e1a540b3600128cc0d7,zubiya-enterprises,"6a523e1a540b3600128cc0ca"
6a53420b62896f002db5580b,bk-furniture,"6a53420b62896f002db557fe"
6a535fcfd0b2740021548832,pps-enterprises,"6a535fce40c60a00208e858e"
6a536a64d0b274002156260d,jaykumar-rameshbhai-vaghasiya,"6a536a63540b360012a4a88e"
6a53c7d262896f002dcbc9c6,parampara-taxi-a-unit-of-parampara-travel-llp,"6a53c6bd62896f002dcbb899"
6a53cc6c0c12980012159385,fs-9ux2ay,"6a53cc6c3b5700001954408e"
6a53cd8cdbbffb003155f105,new-york-hotel,"6a53cd8cdbbffb003155f0ee"
6a544c0d62896f002dd49dba,ms-dayal-infocom,"6a544c0c540b360012b67176"
6a54548362896f002dd56180,mekla-ha-private-limited,"6a54548362896f002dd56174"
6a54713762896f002ddb5093,ecomix-retail-opc-pvt-ltd,"6a04375c00c6950019108918"
6a548caa3b5700001974d9ba,yuvan-car-accessories,"6a548ca70c1298001231c656"
6a5491970c12980012356c2a,smart-work-mart,"6a548b4562896f002dea6e63"
6a54b908c803e7001908c624,the-gudwala-ax2eya,"6a475d3887606b0025fb3b94"
6a550ca7dbbffb0031b45ff8,s-v-enterries,"6a550ca662896f002d2f7c27"
6a5519523b57000019b97697,akash-and-co,"6a5518c5dbbffb0031b736c2"
6a55b521540b3600121637ad,gs-global-enterprises,"6a55b521540b36001216379b"
6a55ca84d0b2740021d94b5d,tejaswini-enterprises,"6a55ca83dbbffb0031caa5eb"
6a55cb98dbbffb0031cb020c,sunpack-printing-lab-9kzg5x,"6a55cb98dbbffb0031cb01fa"
6a55dc2ffbb644001288f7fa,rapidmedik-diagnostics-arkaywe-labs-and-diagnostics-pvt-ltd,"6a55dc2f83f4430012d71fe7"
6a55e681fbb644001291c531,sudexa,"65fda72ea33d980027bdc349"
6a55e77c1fbb58001961d439,punjab-traders-1pjtpz,"6a55e717398c0600258afa9a"
6a55fb9a83f4430012ebdd63,a1-marine,"6a55fb985860a3001949dbab"
6a560a5a83f4430012f6bea0,zrb-enterprises,"6a560a03fbb6440012a894b8"
6a560f534ade3c00202e4a7e,prahlad-rai-and-grand-son,"6a560f534ade3c00202e4a5f"
6a563abefbb6440012c753ed,pharma-solutions,"67e8379b4df833001977bb98"
6a564bcd4ade3c00204e10e8,karigar-house-fl78cz,"699e84fa0ff129002ae331b1"
6a567b1983f4430012210a9c,royal-cctv,"6a567a4883f443001220ec0d"
6a570426398c060025d23f6c,slv-comforts-arasikere,"6a57042522da680031cc64a1"
6a57265c1fbb580019b6989c,aaisha-1box12,"6a57253cfbb6440012ead9f9"
6a573c6ecd4b880019257c70,friction-studio-b46plg,"6a573c6e8394660012228de4"
6a5743a3cd4b8800192b08f9,agranex_industries,"6a57422f0eae4400122dcc01"
6a5745f4f6070e001209daac,shaikh-tyer-works,"6a5745f4f6070e001209daa0"
6a57979aee709a002165f38b,slv-comforts-arsikere,"6a57979a7068a9002df3ec4b"
6a57b8e87068a9002df95050,vardhman-traders-and-chemicals,"6a57b8e7ee709a00216cb36e"
6a57e39da9ac1f0012fa8c7b,somnath-transport-private-limited-sdcb4y,"6a57e39da9ac1f0012fa8c6b"
6a585c1a8ded150021921246,sunil-store-tgnyk7,"6a585b9cf76c400012e470ee"
6a585f59f76c400012e56503,elevara-luxe-and-roots-and-roads,"6a585ef65a15ab002d8d7d36"
6a58662c5a15ab002d902b01,seven-rooms-and-banquet-zarp5p,"6a4b3b1f4b283000139ae3be"
6a586853201c650019525e06,golden-i,"6a586853201c650019525def"
6a5878965a15ab002d997509,sarthvi-creation,"683a8b48b8b6dd003b45a5c5"
6a588b1a8ded150021aa3114,rk-importer-and-exporter,"6a588b188ded150021aa307d"
6a588cfb5a15ab002da5f7cb,rajputi-collection,"6a575770c7e7b600199a213b"
6a5890c98ded150021ad8829,ravi-enterprise-f9cdic,"6a5890c8ba0cbb00193707f5"
6a58c2d1154cd60012fba31e,maac-international,"6a58c2ceba0cbb001953e2bb"
6a5910ab201c650019a40c3b,aayan-consulting,"6a5910a5154cd60012123fb6"
6a5914df201c650019a48fc8,smartlink-broadband-services-pvt-ltd-clhett,"6a591379201c650019a454fb"
6a59d375154cd60012307a65,mrthangavel-konar-agencies-leb3a9,"6a59d374154cd600123079cd"
6a59eb61cafc250020638876,ganapati-enterprise-rxu9ph,"6a59eb05201c650019ceed0a"
6a5a0e032ed34d0031d41e59,ms-amir-amin-dar,"6a5a0db0930dd40012882a64"
6a5a1513c33fd800122084ff,vainateya-legal,"696a54313e0c7c001120df95"
6a5a1cec2ed34d0031dd7038,shakuntala-apparels-alihvx,"6a5a1cc75e58e70021f85070"
6a5a20edc33fd800122850cf,gayathri-groceries,"69d2577057c08d002b156f6d"
6a5a97f41983660012e273e9,urjaa-express-private-limited,"6a5a978b2b950e002542c7b8"
6a5adb0723bdd30012786144,sunvolt-energy,"6a5ada4d3ebdcb00316718f1"
6a5b1502fdbff400196d6a47,harkirat-singh-lamba-lyubb2,"6a5b1287ef0afb0021f42156"
6a5b1e90fdbff400197286a5,multidimensionals,"6a5b1e9023bdd30012878fd6"
6a5b296ebd01180019a26d1e,buy-open-box-l4a5r4,"650fbd78bba65700199597c6"
6a5b61ae66c6ec002c5d0690,nmmt-telecom-opc-private-limited,"6a5b61ae66c6ec002c5d067a"
6a5b64aa4f51a70031ceda50,durgeshwari-contractor,"6a5b638b4f51a70031ce591e"
6a5b660966c6ec002c5efee5,vishal-enterprieses,"6a5b64f3c5d88e0012f19162"
6a5b667ec5d88e0012f243c0,shivanju-traditional,"612f7c59a9d5e30014ee472c"
6a5b6d3e4f51a70031d29c10,sureshkumar-l-parmar,"6a5b6d3e6874130021f598f6"
6a5b868fde469f00192f4ff8,nutristar-international,"6a5b8631de469f00192f3c53"
6a5bb94298a0580012921a1a,uplload-link-into-future,"6a5bb941f31b4500211eacac"
6a5bd076de469f0019374c04,tripmaven-holidays-llp,"6a5bcfc298a058001293c141"
6a5caa49f31b4500212f7a64,bharat-services,"6a5caa49f31b4500212f7a55"
6a5cba4b26967b00314382f9,zaid-steel,"6a5cba4a26967b00314382d3"
6a5cd98d98a0580012a9df06,groovy-angel-7z3ut4,"6a5cd98c98a0580012a9debd"
6a5d9ab87327ba00318e2f7a,ashvini-agency,"6a5d9ab87327ba00318e2f6a"
6a5daf7661af6200126c0308,shivalaya-paper-workks-cbycne,"6a5daf7661af6200126c02ef"
6a5db19ff31b450021439627,zayvika-flavors-private-limited,"6a5dab5cf31b450021415de6"
6a5db8c461af6200126fcbfd,mirik-framers-producer-company-limited,"67c3cad9e6f515010622c817"
6a5dd3f8de469f001970146a,pooja-traders-ndg9rp,"6992bf2dc2e68e0018fcd948"
6a5de6e561af6200128daf3b,meena-sureshkumar-parmar,"6a5b6d3e6874130021f598f6"
6a5dfe910694f400217ca3d1,bahubali-printers,"6a5dfe900694f400217ca2ee"
6a5e0dde98a0580012f0af09,malani-hardware,"6a5e0d887327ba0031d04e9d"
6a5e11ca61af620012aac88d,tejonidhaya-constructions,"6a5e118d7327ba0031d2d1d0"
6a5e1a777327ba0031d8bee2,jay-goga-enterprise-solutions,"6a5e1a760694f400218e1d78"
6a5e786a965ae900212374e5,royal-solar-energy,"6a5e7794965ae90021235289"
6a5ef36bd9d702002dde703b,mahakal-industry,"6a5ef297965ae9002128620c"
6a5f102d965ae900213587f7,arjuna-agro,"6a5f0bedc81a1a0019059c9f"
6a5f12b3d9d702002deaa54e,markito-india-piyai3,"6a5f12b3d9d702002deaa53f"
6a5f21e58d02a500200c77e7,ishan-singh-govtcontractor,"6a5f217feca37c0012386e92"
6a5f2b551fd7170011f53028,nirankar-textiles-jwd2cg,"6a5f2b0ed9d702002df760a3"
6a5f2c188d02a5002011fa37,vaishnavi-trading-4gs3z9,"6a5f2be8c81a1a001917fd2b"
6a5f392c8d02a50020197d96,sudhar-trading-company,"6a5f386a8d02a5002018fd26"
6a5f57dfd9d702002d126769,rays-audio-tech-7u9gpe,"6a5f5785c81a1a00192fa3e2"
6a5f77954b895d0019db0de0,global-tiles-sxez8h,"6a5f7794656bb8001226f346"
6a5f81a70c5f9a00209e18ea,vedanth-enterprises-7hj4ki,"6a5f81a675bd3a003177c844"
6a5f8b96ed6fa90019dc7459,jagannath-computer-and-services-efzi87,"6a5f8b95fcaaa70020fdba8c"
6a605741fcaaa70020130ae2,chandrallama-automotive,"6a605741fcaaa70020130ad2"
6a60684cf4b5a400319d9fb4,mg-enterprises-orjm7s,"61937dd91d9745001369f08d"
6a606be8f4b5a40031a0369c,logos-robotics,"6a606be8f4b5a40031a03675"
6a60792d4b895d00190aac2d,nextx-bazaar,"6a60792d4b895d00190aac10"
6a608aeefcaaa70020326705,xyz-o68h7u,"6a608aedfcaaa700203266e4"
6a608fc3fcaaa70020355288,yellow-architects-and-associates,"6a608fb8656bb800125b0797"
6a60994a656bb8001260c216,ms-jrd-enterprises,"67176c120797c501cc756ec4"
6a60a59af82d5600215cdbd5,gaama-research-pvt-ltd,"64dc2cfcfb6cad0011d9a807"
6a60ae3a57324800193ca462,sri-hrushi-traders,"6a60ae3877596100198939d7"
6a60b2e077596100198c93a5,shri-ram-and-co-zprmat,"6a60ae3877596100198939d7"
6a60c20321d8110012611e7e,r-c-constructions-and-developers,"6a60ae3877596100198939d7"
6a60f37915ea70002d63e3dc,vedix-technologies,"6a60f33978e5700012e873f0"
6a61c4cd658b7100121b8814,vij-overseas-7aj9jd,"6a61c4ccd401fb0019a05a4e"
6a61d1b6d401fb0019a6f516,jai-jagannath,"6a61bd32d401fb00199bea40"
6a61e2720710f3002006e072,style-smile-cj8z63,"6a60c12321d81100126094f0"
6a61e8c70710f300200ab2f5,ms-balaji-associates,"6a61e8c60710f300200ab2e9"
6a620d60658b71001246938a,editarv-x39amu,"68a27720ab0cb90053725766"
6a621d04658b7100124c8421,erish-global-enterprises,"6a621c872ba8a40031997cb6"
6a62270a9e2b4a0012094a99,reliance-digital-936wu7,"6a622709658b7100124f4f90"
6a6238ff9e2b4a00120ccdf6,lets-grow-associates-aiwvox,"6a6238c50a7b8c002102151e"
6a62468f9e2b4a00120ed4c0,sss-mobile,"6a62468f9e2b4a00120ed4b4"
6a62f489658b710012664d07,ms-mobile-center,"6a62d4461f6b7a002dcc98c7"
6a63361e9e2b4a00123d4769,alpha-gains-pe7gay,"6a6335f1d401fb0019050dec"
6a633aa90a7b8c0021361c43,rama-enterprises-3ycwcg,"6a633a66d401fb001907b19d"
