businessId,urlKey,country,userIds
6a2134a479a29c0012337baf,al-wan-al-taif-general-trading-llc,AE,"6811e674a7722b00199bc4e5"
6a27068593ff4f0012fbcc41,freelance-architect,AE,"6a270684643e5a00213d0ae2"
6a33ec4ce857c90021f94f7a,blue-ocean-veterinary,AE,"6a33d92fe857c90021f09f89"
6a3cc8485bba940019519f15,prosper_pulse,AE,"6a3cc8475bba940019519eca"
69cfe5a257c08d002bbe81cb,abu-bakkar,AE,"69cfe5a1dafc0a00128fe060"
69fb3c0e57c1e600126aa25c,hmi-commercial,AE,"69fb3c0e57c1e600126aa24a"
6a2bc27e549cce0021622519,saftel-general-trading-llc,AE,"6a2bc27e549cce0021622502"
6a36763be87a6d001957c368,vision-veterinary-trading,AE,"6a366f186ad34800211565f2"
69e4ad5eb68b75002bd43bf4,evgenii-podgornyi,AE,"66f5b145b75225003265328a"
6a14a031aa6cc4002c5136e9,edge-linking-global-media-fzco,AE,"690e42fd45ef14003dabbdac"
69e8836bd4f45d002b579fa6,marhaba-documents-clearing-cs9qwp,AE,"6954f625183996001177869d"
6a02d486b816d50012b75eea,tatiana-davzhinets-bespalova,AE,"6a02d486b816d50012b75ecf"
69f992a2a98ef400122fb5bb,re-loved-by-mae,AE,"69f992a1a98ef400122fb579"
6a1d61a90816c6002051482e,next-point-delivery-services-llc-spc,AE,"6a1d60d20816c6002050cd9b"
6a393ec7aaa809001265786b,b-stories-v6o3bq,AE,"69ce7cfa0e4b430012f96ede"
6a1e96da4b7466002c8cc42f,maintenance-development-global-solution-ejb733,AE,"6a1e969a04a0e0001836236a"
6a23c5312d7191002d9c7c3c,sunny-day-tours-llc,AE,"6a23c52f3453560019e80830"
69cf2d4eb44c14001971507b,cxos-llc-fz-tspi6y,AE,"69cf2c9fd2d819002be73ac2"
69f0a93857dca9002083f267,armus-ali-abdul-jabbar,AE,"69f0a937f081920020789112"
6a284dc793ef3b001949adad,galler-four-art-trading-fzco,AE,"69efac46c0d4c000120db5bf"
69fc3cd3ca8485001254281b,rafeeque-e87s7k,AE,"69fc3c876182f3002c2ae0a7"
6a09ba4ce6df7f003115e18b,royal-aura-for-perfumes-blending-and-bottling,AE,"6a09b9d3eb70760019694cc2"
6a1d8c6fb0cb1000128ef7de,sharaf-typing-wa4s1t,AE,"6a1d8c344b7466002c5af507"
69ddda2035262a00123fb7a0,md-shamsuzzoha,AE,"69ddd9d568ed8200190a5cea"
6a43a2acc85b51002de382c9,ajwa-transport,AE,"6a43a2acc85b51002de382bd"
6a291dbe396da400126f6d98,hana-businessmen-services-and-travels-cd1fj4,AE,"6a291d7b8b8a980021599e27"
6a6262c92ba8a40031a8fa34,al-zeb-lights-and-decor-llc,AE,"6a625d0f0a7b8c002106f903"
6a50fbb44b0a1a0019d61ed6,golden-way-investment-co-llc,AE,"6a50fbb26c687d0021ca9cc7"
6a3a40c6d8953e002198e6d7,gpunet-technology-fzco-u9cvsa,AE,"6a3a40c50c24380012c1b565"
6a2bad52549cce00215600a3,mightyzerofilms,AE,"6a2bab7d4433790019ee9954"
69e7398dbce4e00019226613,fixit-it-solution,AE,"69e738da04077600200c3ecc"
6a3f85e82706120019b9f763,al-ragazzy-technical-services,AE,"6a3f853e7d976000219b67bb"
6a017bd69913c50031af716d,anymove-llc,AE,"6a017b392c2be0001223189e"
69dd06b33cae790019fedcc3,sunny-auto-spare-parts,AE,"6997550a893645001f375bed"
6a5e05f061af620012a2e8e0,flight-point-tourism-llc,AE,"6a5e0563f31b450021743f68"
69ccbb60af775d0020f0d784,ihsan-ismail,AE,"69ccbb5e1ec92100192f3f41"
6a5b834c26967b00312bef3c,desert-trip-international-fze-llc-3hgyhu,AE,"68e40992a9d9ae002b309a30"
69d1c11fdafc0a0012d9aa04,velmi-india-tnnusc,AE,"69d1c085a3990200199d196d"
6a4e9ae7d1acf90021335789,fangda-trading-llc-e1j7n8,AE,"6a4e9a357eda4c002122726d"
69f2f712eba19a002b407440,tex-technology-trading-llc,AE,"6811e674a7722b00199bc4e5"
6a42197a4c6d4700215d52cd,sparkmov-managing-marketing-operations-llc,AE,"692566bd2bf68c001f18ea5f"
6a155c000b27f800213f343d,wco-management-fz-llc,AE,"6a155c000b27f800213f3418"
6a38dcc3d8953e00213341d5,mutawakil-auto-used-parts,AE,"66320d8fb4c5ac002bcbe7e0"
6a27978c93ff4f00120d2a50,al-waha-auto-used-parts,AE,"66320d8fb4c5ac002bcbe7e0"
6a3959660c243800129e569b,alkanz-documents-clearing-l-l-c-8wwezz,AE,"6a3959660c243800129e568b"
69f07350c0d4c0001237c473,angela-anthony,AE,"69f073015f51680012a84f3b"
6a49ebc8a7d1d3001a856914,wardat-alrooh-general-trading-llc,AE,"6a449e10e1587100211a6ef6"
6a429f703b18bd0021185c26,nagga-tour-and-travels-llc-fz,AE,"69046aab6eedab004826172f"
6a56af711d94d40031f849d5,veltrano-consulting,AE,"6a56af441d94d40031f84927"
69e780bb0e337f001974a7b4,rida-lubricants-llc-h7zomy,AE,"69e7806d9720a10012809b62"
6a26dfc1b2b0f20019c1b477,swetafilms,AE,"635bcfee615bb80012b8ad5f"
6a4222231ddddd0012ebca63,eazygo-typing-and-studio,AE,"6a422009f61ead0019cea853"
6a5ba7eff31b4500211d78fa,doc-hub-documents-clearing-services,AE,"6a5ba7edf31b4500211d78a9"
6a5cffd10694f400213d2317,doc-hub-documents-clearing-services-qyh4j1,AE,"6a5cff62f31b45002137770d"
69fb79c1381b64004bd2c660,shelite_home,AE,"69fb795357c1e60012786e2b"
6a01b18927eecd0012f69139,zeus-nexa-technologies-llc,AE,"67fca6937d6c0f0035f35b8a"
6a4a50c2d0b09f0032503b97,pioneers-mediaandevents-llc-9yma9n,AE,"6a4a4f71a7d1d3001a927a62"
6a47eab74b2830001322521a,everse-zg7d7e,AF,"6a47eab74b2830001322520e"
69e0dc58a1a2bc0020a4a99a,manuel-tua,AR,"69e0db557dca850021e2505d"
6a0c5932e6df7f0031b70345,jose-canelon,AR,"6a0c5932e6df7f0031b7031b"
69e324f0b68b75002b9716af,rani-delight-services-pty-ltd-p81cue,AU,"69e32436f8a7040019a51ff2"
6a0b13fde6df7f003167f75a,qb-auto-parts-pty-ltd,AU,"6644aa64073d5e0019864ff1"
69f30efc2dc9360019cb766e,ravikash-bihari,AU,"600ffe45636433040c391170"
69ef00948183d800194f29f8,mayonetic-or-editing-and-social-media-services,AU,"69ef00936a3e2e002b50f7ad"
6a571ab01fbb580019b080c3,huong-do,AU,"6a571ab01fbb580019b080a5"
6a27e65afae9c50021169d70,tnt-express,AU,"6a27e61c17e7c8001226af91"
69d3a649a399020019f5465a,ankit-ranjan-91da3g,AU,"653039e84b652c0011b1afc7"
6a397309eeaa10002519dbd1,codespan,BD,"6a3973080c24380012a1a038"
6a23f7f6f832350012d42596,technova-it,BD,"6905e2308488d1005367d653"
6a45db8ea6796b0020f45fcf,ms-rabiul-enterprise,BD,"6a45daf5edce1c0031faf365|6a45f129f27891002118dad3"
6a325160914dea0019ab5ac1,royal-aroma,BD,"6a32515f83b359001249f420"
6a38da54eeaa100025d5b563,green-wall-2,BD,"69cd0ca03412a80019f0f504"
6a1163177ab95a003126eef8,rajib-agro-chemicals-ltd,BD,"6a1163140db5550019afd7ee"
6a410f2dc47a4700190d9050,bangla-sahitya-andolan,BD,"6a410f2c6ee4e800214da786"
69ce8dd220a6320020c4342c,md-alamin-igcob3,BD,"69ce8d96b44c140019670b0f"
6a22e60f20566e001982b621,jersey-hub,BD,"6a22e60daeb4900021827e20"
69f568a9ac7b910012b494b1,sife-gadget-store,BD,"69f568a82dc9360019392e66"
6a3ce60c775dd000122976db,fire-service-welfare-trust-refill-station,BD,"6a3ce60c775dd000122976a6"
6a1aadb7e309910019a354bc,ms-sarwar-trading,BD,"6a1aabeed2bf18002d0d769f"
69d77a6ce04a4300180f7acb,transtec-lighting,BD,"63df6bb644ca5f0019ec22cf"
6a380619d8953e002119d732,grameen-computer,BD,"6a380618d8953e002119d6f0"
6a0c26638f5f93002d502c42,subrata-biswas-megxth,BD,"6a0c24e8dae1b10019750077"
6a37d2900c243800123db987,araf-shoes,BD,"6a37d2900c243800123db979"
6a38cadfaaa80900122502d6,car-rent-qxoy5f,BD,"6a38cadfaaa80900122502ca"
69f74fbfa98ef40012b2949d,aniss-kimouche,BE,"69e8ea76d4f45d002b848369"
6a0c62898f5f93002d722d98,gains-station-188590-1,BH,"6a0c6288eb7076001906bf1f"
6a4bf0154b5b7f002d051d20,electromagner69,BH,"6a4bef61d236ac001909f729"
6a4b382a93f3fd0022bc8d96,enests,BR,"67414a7c4b183800cfdc669f"
6a342a8192394b0025e20b4a,dallas-coach-tours-pty-ltd,BW,"669035a5a823be00cf4ca79c"
6a29aca3183f4a00192c0b42,aquaminds-ptyltd,BW,"68d11b7fed4e32002bb17a77"
6a4591360dd9cb002dbde2c9,mobile-tire-clinic,CA,"6a333e5c7fab840019009608"
69ea6b9d7b80e5002b82a362,jasmineandsesfleurs-1itd1j,CA,"69ea6a3af625d60020e46a27"
6a0cab17f254390020bd0213,the-tint-lion,CA,"6a0caa92f254390020bcf625"
6a1333199f4c8c0012e86a69,ideal-sotnework,CA,"69272f10fc07d20017e7756f"
6a1082648859e40020ba9288,penguin-marketing-inc-oa-blackwood-design,CA,"69272f10fc07d20017e7756f"
6a31520732b23300217cdcff,nexed-global-consulting,CA,"6a31520732b23300217cdcf4"
6a34847c78095c002d2f1f3e,pbx1-tire-and-detailing-inc,CA,"6a348293f4ea4800124b40a6"
6a10be22eea4ff002dbe6d45,delta-construction-inc-oa-dreamwork-remodeling,CA,"69272f10fc07d20017e7756f"
6a4e250d99aa3b00216a41d2,opsfusion-technologies,CA,"67657b84766247022449d764"
6a36557dae11b6001285decc,sysco-canada-inc,CA,"6934170edfbd4000268593d3"
6a10ac2a064bca00216cbebe,goldfix-limited-oa-design-smarthome,CA,"69272f10fc07d20017e7756f"
6a511f04fba286002cf82f18,mckesson-canada,CA,"6934170edfbd4000268593d3"
6a02d91bd69c1f002df53dc5,promat-rdc,CD,"6a02d8dabce73d0021191633"
6a20eb16dbfa9f00250cf681,clinica-de-espacialidades-medicas-condell,CL,"675ce3766d1eeb02f5283f55"
6a1add577feb6d001229d307,guangzhou-fengyu-import-and-export-development-co-ltd,CN,"681aab3a3f9fd600195772de"
69cfcfcd51846d0012874d2a,luoyang-hualang-electronic-commerce-co-ltd,CN,"64a9221a62da2c0011974e5b"
69fc8b4838f3820012ea90a1,abhishek-jha-28dibg,DE,"644d0fb3c82c7f0012640e07"
6a57a35dee709a0021694256,virksomhed-kaj-lodahl-sonnicksen,DK,"6a57a35b6561cd001264a00f"
69eecba7f081920020d87fa3,inversionesrihemon-srl,DO,"69eecae07ce6e700198f1fad"
69fbb5a757c1e600127d01c5,larabi-mohammed,DZ,"69e8ea76d4f45d002b848369"
69fbb41092c9490019a7c46a,belhamiti-allal,DZ,"69e8ea76d4f45d002b848369"
6a3fdf35b3685500251f4443,bilel-benyettou,DZ,"69e8ea76d4f45d002b848369"
6a4f73d57eda4c00215380e7,furnitale,DZ,"6a4f73d57eda4c00215380db"
69ecf6325f516800121c26da,senouci-moussa-ljdsby,DZ,"69e8ea76d4f45d002b848369"
6a18237de70ba9002b61dd89,mohamed-sadli,DZ,"69e8ea76d4f45d002b848369"
6a143585e342fe00196f141a,fatsah-lachi,DZ,"69e8ea76d4f45d002b848369"
6a00f3dbac788d0019ddc67c,djamel-benariba,DZ,"69e8ea76d4f45d002b848369"
6a4508320dd9cb002da1ccaa,xtreme-minds-company,EG,"6a4508320dd9cb002da1cc99"
69d6163ec69f9100198fcb37,arvin-trade-ltd,ES,"66d6f50f5866e0001a092d5d"
6a54f19cdbbffb0031addd6c,121212-b38uj2,FI,"6a54ece8c803e7001925054e"
6a3d026431016b002fd1f5de,dfgdfhfg,FI,"6a3d022f31016b002fd1daf4"
6a589fa5cafc2500200e062a,westpower-enterprise-solutions,FJ,"64f055d48b05bb001213a4a2|6a58a000d193ab00313c5c0e"
69ce564c20a6320020b1bac3,bf-auto-entreprise-individuelle,FR,"69cc40944fe09500128b2b5c"
69f74d2e57c1e600125dc859,yahia-yellas,FR,"69e8ea76d4f45d002b848369"
6a3b970f0c2438001222d719,blackbird-store-ltd,GB,"6a3b970eff3c15002d669f70"
6a3971b8c5bb6000195b37c5,claudio-pereira,GB,"6a396ce9eeaa100025193d5e"
6a3e5a701d39e300316acfba,bansal-consultants,GB,"6a3e5a6e11595d0019fecbb4"
6a4400d6616acf00193bd8a1,dgfd-qikmho,GB,"6a4400d6616acf00193bd890"
6a3533dfad54220019288966,private-care-ljb3p9,GB,"6a3533dfad542200192888f8"
6a232e8f952a5f00128b7ef4,david-penn,GB,"6a232e8daeb490002192fdbb"
6a3d1c405bba94001980c2ec,tina-lee,GB,"6a307c0f294f910021ab0a1d"
69dd3c576c4b3e0020278e4d,hidden-retreat,GB,"69dd3ae368ed820019f8db97"
6a3657b0c98d81002058bced,george-alin-suceveanu-vx3r5d,GB,"6a35c67db04dfb0021350891"
6a2b347c58c562001240bb28,caroline-xavier-da-silva-oq6n9g,GB,"6a2b32f4d6d156002d33c6d1"
6a515663e640ca002cfe1c15,pick2basket-ltd-2i9jqg,GB,"64c8406e8e746d001841e0b0"
6a356affe539bc0019f164a8,kb-and-b-financial-services-limited,GB,"6a356a911b23d200129d9ee4"
6a3d5cd05bba9400199355d2,kris-builders-merchants-ltd,GB,"6a3d5ccf5bba9400199355b0"
6a4526552e88310019fac190,muhammad-farooq-d4nnbn,GB,"69123e9404b0ed0018b32082"
6a228672e167e8001215f9af,insulatorworks-limited,GB,"6a22863ee167e8001215d9e5"
69cebb0709bfc0002056998d,cands-travel,GB,"69cebb0709bfc00020569981"
6a144dc60b27f80021128749,neal-street-productions-limietd,GB,"69046aab6eedab004826172f"
69d4f81549787e001243b082,diana-cordero,GB,"69d4f73dc69f9100194c7d0f"
6a2ff941c1ba67001261c3d0,earthwise-disposal-and-waste-management,GB,"6a2ff8db9781f20021b6ce44"
6a6306a10d402800192162d2,dentalpro-equipments-ltd,GB,"679cbabee9785900f02cea2e"
6a0cd5dff254390020c341e1,marilyn-keertana,GB,"6a0cd5dff254390020c341cb"
69cd493e966a5d00196907dc,jon-ballard,GB,"69cd490a09bfc00020ffef45"
6a05d492de3ea40012af3322,mist-security-ltd,GB,"661fded4d2bef70020fc43c8"
69fdc89b2038050018188f72,paq-trading-ltd,GB,"69fdc89b2038050018188f3e"
69f5c5f726d70b0020463b0d,pw-decorating,GB,"69f5c5f626d70b0020463aeb"
69eb6c7be4037a002b953ad0,konstantinos-karagiannis,GB,"60ae07eb5fe2e300139b0e1d"
6a3d073fcb6c4100219a2271,licoholdings-limited,GB,"6a3d073d09df25002d40386c"
69f7dbce14adbe0020b42651,william-savage,GB,"69f7db9672a40e00198d8e61"
6a475d6aa3a7a5001254edd2,load-it-ltd,GB,"6a475d2787606b0025fb3103"
6a1e9c7ec76ae60019d72813,adlef-network-llc,GE,"6a1d44b404a0e00018db9d60"
6a042a4604d5f8001980e026,glitzeventsgh,GH,"6a04298304d5f80019807b31"
6a05bd9c96711e002e6783bc,dida-creatives,GH,"6a05bd656c6bad0026c3dbad"
6a0f02bf59642d00192dd7a5,maskleen,GH,"6a0f02bdae48fb001208adf0"
6a0eed40ec903800256e5865,seakist-services,GT,"67414a7c4b183800cfdc669f"
6a2c07af2dada4001917b766,stephanie-ramnauth,GY,"6a2c07af2dada4001917b750"
69d7511515a5a8001955fe59,asia-square-technology,HK,"69d750dfe2982800123bca61|69d7727b8f2a2a002bb538ff|69d772ded26b9c00205f644f"
6a0804c97d43ca0012c37344,venture-scope-limited,HK,"69046aab6eedab004826172f"
6a62077dd401fb0019c6c408,hong-zhan-communication-hk,HK,"6a62077c0710f300201ecdcf"
6a080c0ae6df7f0031c6eeae,neal-steet-productions-limietd,HK,"69046aab6eedab004826172f"
6a2480cc952a5f0012d116ac,agile-group-holdings-limited,HK,"6a1bee9213603e00125cc7d4"
6a5384efd0b27400215c62b0,pankh-trading,HN,"6a5384b640c60a0020958574"
6a2bf3ab21891e001a66c7e1,villa-kata,HR,"6a2bf3a9b3bfc6002d58be26"
6a2a2a659358e30012bccc8e,outfit2d-eg46q7,ID,"6a2a2a1bf0612d002d2178ac"
6a47b3fd4150ca0031dcfabe,pt-maha-suka-jaya-open-trip-murah,ID,"6a47b3bda3a7a50012848c20"
6a083eb9eb70760019319cd3,pt-global-horizon-tours,ID,"69046aab6eedab004826172f"
6a210761ce61860031007f8a,pt-serumpun-seroja-setia-eqhhew,ID,"6a210718517b9400250f579f"
6a3236c8ddc1a50021ec029f,sppg-kamulyan-iii-perbutulan-9chlf5,ID,"6a3236ac914dea00199b06fa"
6a585c62201c6500194ed33e,pet-relocation-indonesia,ID,"6a585b14d193ab00311bab68"
6a446da13f8ec3002d5aed76,sandy-zulfikar-96obsi,ID,"6a446d47e3519200212e9365"
6a40cb24a602d0002cb1d171,wd-sound-system,ID,"6a40bfeb5e97e20012296b4e"
6a48f55d93f3fd002283e789,pt-sentra-media-cemerlang,ID,"65358511e6c5040012a1a06d"
69e973d4a699c8002029d913,sishen,ID,"69e97364c8115d00203f9469"
6a15712b2aee6e0012b4514e,otaku-mantra,IO,"6a15712b2aee6e0012b4513c"
69db4866f4aa0a002bffba55,namma-gundlupete,IO,"69db4866f4aa0a002bffba3b"
69d75420e04a430018fb57a3,krishna-enterprises-zozt1k,IO,"69a3e67c83b86c00119f2d14"
69e53f5af5bc5d0012957552,almanasa-almutahida-for-general-trading,IQ,"69e53eebdd00ea0020bb18b3"
6a0ee10e7de5f4002d161c2a,evan-chemical-mineral-and-petrochemical,IR,"6a0ee10d7de5f4002d161c1c"
69e600b00407760020c2ae94,soleart-management,IT,"69e600af0407760020c2ae77"
69f04b4f57dca9002046ace6,cma-cgm-jordan,JO,"698c63b815aec500187c6b14"
69dcad844bf7f1001207a363,hotel-mystays-premier,JP,"67414a7c4b183800cfdc669f"
6a184563e70ba9002b6e2882,dennis-sani-mosweta-5owm43,KE,"68cae109700e09005315d827"
6a3bdcd99e4557002015c443,phylips-and-jays-shop,KE,"6a3bdcd731016b002f902ecc"
69fb441539b9700057708426,fitness254_ke,KE,"69fb400c196724002097f87a"
69cceb70b10cce002bd47461,flexin-power-tools-f8zax6,KE,"69ccea834fe0950012bb177c"
6a3ea9cc27061200199962af,cl-zrq2y6,KE,"6a3ea76e2706120019992ce9"
69d8f5c802034d001fdf5eab,garfield-inc-solutions,KE,"672165185570fb008ca793a2"
6a5f49d1c81a1a001927c0b9,comet-paints-limited,KE,"6a5f3697d9d702002dfc6e73"
69e9ddb1f5414e0012f9fd1e,zoey-solutions,KE,"69e9dc0c77ddb400204158fe"
69ea2ed38220df0012636d37,brevohs-productions,KE,"69ea2ed38220df0012636d2b"
69e09a6720115100128f954d,vertex-executive-transport,KE,"69e099b063151a002b5b4edb"
6a4429f73f8ec3002d574aca,cleanwave-detergents,KE,"6a442937e158710021102c60"
69fc451fe8a75c002127db6b,theugraphy-uim3gm,KE,"69fc44f8e8a75c002127c384"
6a41448db368550025396007,morison-holdings-limited-pz1riw,KE,"6a41441e6ee4e8002152a46a"
6a33b156e857c90021da32e3,tahaj-enterprises-limited,KE,"6a33b156e857c90021da32c3"
6a623b630a7b8c002102a145,executive-concierge-services-p4yz85,KE,"6a623b620d4028001907f310"
6a5752b5f6070e001210e602,wingloabl-limited,KE,"6138b594ba7e9d00111d0cd0"
6a42064e2709c5002c235422,homecam-technologies-limited-company,KE,"654253c5c3c0450012120e6f"
6a420c462709c5002c2710cb,trinique-general-supplies-ltd,KE,"6a420c454c6d4700215469b5"
6a453e2aa6796b0020e683bd,ali-burje,KE,"6a44aa3c485e470019f06efc"
6a1ca50dd2bf18002d438024,mtwapa-motor-rewinders,KE,"686cbe4dbcc3f20048092884"
6a1d9229c76ae60019a36e5c,brian-nguyo,KE,"6a1d9229c76ae60019a36e50"
69e872c99e764c00124725a7,farmyard-scale-engineering,KE,"69e8722b9a70530019b5fbbc"
6a2b9c0d0c94fc0020da8a9b,cleanglow-cleaning-solutions,KE,"6a2b9c0b0c94fc0020da89b7"
6a043c3dbce73d00217c57df,manco-maintenance-group-ltd,KE,"6a043c3dbce73d00217c57c1"
6a5d00e10694f400213d3750,mahira-food-stuff,KW,"6a5d00967327ba0031878d2e"
6a411625b368550025356e57,al-bahar-national-co,KW,"6a411623b368550025356e02"
69d524be626cc9002096dda8,mrym-mhmd,KW,"69d524be626cc9002096dd9c"
69e6214fbce4e00019e3764a,balsamic-foodstuff-co,KW,"6941a0525f8471001129bc54"
69f117c46a3e2e002bf52f48,keraid-kombi-k3,KW,"6941a0525f8471001129bc54"
6a1ffebc4b7466002cebaf5c,printing-compny,KW,"6a1ffebb0816c60020043577"
6a04b012dbb7ca00250ed741,timurs,KZ,"6a04af61bfb8070012986a05"
6a1eacae0816c60020a73ec9,elissa-tannoury,LB,"6a1eabe096c115002d5cf7f2"
6a4c863c00eca60012c1a0a8,tritone-advertising-and-events-pvt-ltd,LK,"6a4c863bcb111a002df8b67c"
6a1e4c4be03c650021dbe313,sanija-graphics,LK,"69ef0db48183d80019572d2f"
6a46328a4150ca00315b1108,mn-importers,LK,"6a4632884150ca00315b0fe5"
69cf701f616930002bdb0d15,kavindu-gunathilake,LK,"69cf6e2ed35b210012982d47"
69f647dc57c1e6001240c9f3,the-drop-wtb5kc,LK,"69f6472157c1e6001240c230"
6a410b82b368550025343520,watch-mart,LK,"6a410b82b368550025343514"
6a44b0a1616acf0019553aac,vina-store-lk,LK,"6a44b054616acf0019550071"
6a531106c803e70019b1badc,chandu-jayashanka,LK,"6a531105c803e70019b1babf"
6a05ade598957d0019fbfd5e,mice-eventz-lk,LK,"63f87f52e593e900125be00f"
6a1dac13b0cb10001295bf0e,multifusion-engineering-solutions,LK,"6a1dabbd04a0e000180d61d8"
6a2b9e4758c562001252506e,master-design-tailors-8ltcm2,LK,"6a2b9df3d6d156002d473298"
6a27c38417e7c8001210bc0b,vows-and-views-cinematics,LK,"6a27c2fbab59bd00200913ce"
6a0a3eb6e6df7f003120ca15,xtudio,LK,"6a0a3e69dae1b1001902f8a0"
6a392c0e0c243800128f9a7b,beauty-treatz,LK,"6a392c0deeaa1000250855e9"
69e21d9ff8a70400197f669c,san-rafael,LR,"67414a7c4b183800cfdc669f"
6a0eb5b4ae48fb0012da1ded,jonathan-amedee,MU,"6a0eb4ed59642d0019fe69b0"
6a3ea4527d976000217e38d2,optirank-digital-marketing-ltd,MU,"5fb23e42368deb31cb9cd612"
6a12e3c50db5550019ee936a,ash-mart,MV,"6a12e12c7c9d200020e24e5b"
69f0a20f5f51680012c4894c,part-marine-himmafushi-transport-services,MV,"69e463f4b68b75002bcb78b9"
6a26f72c1b265a002c4eb200,atyra,MV,"6a26f72bb2b0f20019c97fa0"
69ff099c252991003060010d,next-pixel-sozzni,MV,"69ff099bb9241b002c686d1b"
6a0467a25334b20021ad2ade,rixu-chapahti,MV,"69e463f4b68b75002bcb78b9"
69f77855be1f11002bca8f81,fishcore,MV,"69f777fc92c949001991fcde"
69f8d89592c9490019e9e83b,yasir-hassanvevaru,MV,"69f777fc92c949001991fcde"
69fceeb7599e2f001998f39f,a-z-tech-iwcwux,MW,"69fcee232038050018e2b427"
6a6218570a7b8c0021f85daa,western-traders,MW,"6a6215ff0a7b8c0021f7b44b"
6a0ec101ae48fb0012e0d96c,michiel-frederick-coetzer,MX,"6a0ec100ae48fb0012e0d71b"
6a3f5a09b811cc002153f465,brtyu-erty,MX,"6a3f59b831f79f0012f378f0"
6a34f4fecb3664002043f572,winlux-dynamic-solution-sb,MY,"6a34f4b96c2c73002c86ba95"
6a4355d23b18bd002126f804,nexxus-liner-transpotation,MY,"6602535dcfdc1a00770e2e78"
6a0ecb8f795366001203f1a1,top-logistics-solution-sdn-bhd,MY,"66b323f11fd298002002eb72"
6a5ac605ef0afb0021eaab37,newb-apparel-9wk9k9,MY,"68a45f65ab0cb90053ae33fc"
6a4ce955cb111a002d3582a7,raztrutide-wellness,MY,"655ad0e176072f002711551e"
69fe95f1765ba2002381aed2,firdaus-transport-and-services,MY,"69fe95f1765ba2002381aec0"
69e685508088a30012d76cc7,kendi-curah-9yqaxd,MY,"69e684f28088a30012d74806"
6a40c473dc2191001234bc1a,novex-healthcare,MY,"66b323f11fd298002002eb72"
69f2e550a8f874002bb8ae02,mamik-sriwidayati-bt-aman,MY,"66b323f11fd298002002eb72"
6a2bed94b3bfc6002d55b40c,ppj-united-enterprise-zxzxs7,MY,"6a2b8d5a2749e2001266c8d2"
6a58df425a15ab002dd50d3d,azad-inspiration-sdn-bhd,MY,"6a58dec68ded150021dacd0a"
69dd940552d92b002b52d792,adad-vxzb4n,MY,"69dd940552d92b002b52d786"
69e896f0a699c80020fdc9df,virallab-marketing,MY,"679ad868f462790019c81742"
6a2246391a955f001239f2dc,canyon-restaurant-sdn-bhd-n92tsp,MY,"6458ae88bafad900121c04a2"
6a2185fa8da5d50011ca39b6,cloudaxis-bpo-sdn-bhd,MY,"6a21732ad66ed60018a1b707"
6a54b1da62896f002d02a9e6,mr-mani-mtal-m-sdn-bhd,MY,"697c6a6002ee440018c77344"
6a448fd6616acf0019475d51,ethan-tiong-ing-hung,MY,"6a438e7e3f8ec3002d274838"
69dd87553cae7900190b9b52,inovex-core-technology,MY,"698a6db7dea4460018f7c4b6"
6a30fd30ec740b002d1fcebb,ma-autopart-lz46l4,MY,"6a30fcf9c1ba670012ffd2ed"
6a41f6f74c6d4700214c2836,the-gurls-currypuff-shop,MY,"6a41f6834c6d4700214c07a8"
6a1092617c9d2000207c9a4e,oxylure,MY,"673a165cb17f9202c980db4a"
69dbbcf24bf7f10012dd8e74,taring-muaythai-fight-club-plt,MY,"69dbbb026c4b3e0020c80c95"
69e43d10b68b75002bc901a2,hanis-anok-soh-yah-enterprise-kt0593897-p,MY,"65eeac36a4c83a0027f5940d"
6a54cc66c803e70019135e18,selera-kantin-plt,MY,"6a54cc03540b360012f16a9c"
6a1e64f304a0e000181c823e,three-space-enterprise-v7stzr,MY,"6a1e64c64b7466002c71229a"
6a05a7f098957d0019f83b6a,glowing-rays-ventures-1xlhul,MY,"6a05a7bb98957d0019f80f8a"
6a4cc57100eca60012e7b53a,lee-ying-han,MY,"6a4cc40254a8890021f2253f"
6a224a2e8bd3ba001910bd33,hnz-service-and-resources-ent,MY,"6a22486cf6aa4f00208fd1dd"
6a3d2cc39e455700206e5ae2,yusof-bin-mohamad,MY,"66b323f11fd298002002eb72"
69fa56b472a40e001942916a,tanrad-consultancy-sdn-bhd,MY,"69fa56b472a40e001942915e"
6a4cc92fd236ac00193e3594,ultimate-pc-dynamic,MY,"6a4cc92ed236ac00193e3517"
69f376aa26d70b0020d7f7f4,brilliant-occupational-safety-health-and-medical-services,MY,"69f37512a8f874002bfbb1f7"
6a2ff71c9781f20021b60f30,dobi-kita,MY,"6a2ff7195fb52f002df6e911"
6a5b65b06874130021f2ca88,merpati-foods-supply,MY,"6a5b6534de73f00019346da7"
69f7656992c94900198eda1f,zhm-company,MY,"69f7646492c94900198e8326"
6a3e7ef8e9846a0021fc6c6f,asiastar-logistics,MY,"6a3e7ead8892a8002c1c7d12"
6a02d0eed69c1f002df037d4,gripmaster-solution,MY,"6a02cf544a085a00254cf2fb"
6a44711bacbf540012d7f8a5,matt-and-boy-legacy,MY,"6a44711b56800600193394e8"
6a0bc7fb715a810025f9ae1a,bill-morrisons-wealth-management-sdn-bhd,MY,"6a0bc5a6eb70760019c01073"
69e587600407760020943c38,atmax-creative-rslf28,MY,"69e58722bce4e00019a1adc0"
6a1fe4400816c60020f5529d,eternatrade-global-sdn-bhd,MY,"6a1d44b404a0e00018db9d60"
69f038dac0d4c0001215249c,zen-and-belly-sdn-bhd-kscr21,MY,"6458ae88bafad900121c04a2"
6a27f2d4364ee700193aeab7,supply-zj8o8a,MY,"6a27f2d4364ee700193aea7b"
69eec77d6a3e2e002b426f81,najim-strategic-services,MY,"69eec77c6a3e2e002b426f56"
6a2a99d1e74a080019a480cd,shadrac-uzuva-mavungu-3zrgw9,NA,"64cd4ac783bddb0011392cab"
6a19d760ecd264002029c4a2,skh-engineering-cc,NA,"6a19d75e2963ef00198e64f8"
6a52604b62896f002da67795,golden-moment-events,NG,"6a524fa00c12980012f2569f"
6a31e883eee6350012bd02b9,5and6-stitches,NG,"6a31e88129ac5900217ba554"
6a476c6e87606b002503b2dd,fortsense-consulting-limited,NG,"688b7b5d9cdc3a004cec864e"
6a32725be067bb0012236899,oj-research-consult,NG,"69086d6afffa980019595637"
6a4412a63f8ec3002d556daa,chomdee-food-nig,NG,"6a4412a456800600192e228f"
6a29fb9dc4383a0012372053,bluhouse-studios,NG,"6a29fb215692bd00217b4f16"
6a0ec0ffae48fb0012e0d3c8,mathew-eleojo-egu,NG,"6a0ec0ffae48fb0012e0d3af"
69e4bff4f5bc5d001288dbc5,donbeebs-techmaven-ltd-ihw1ry,NG,"69e4bf40dd00ea0020afc633"
69f48f3630252e0012c3725a,studio-ariogba,NG,"69bbe4943443c8002b4edc1a"
6a4cfd584b5b7f002d575b8b,fitbody-nutrition,NG,"6a4cfd584b5b7f002d575b7f"
6a025f5800c695001991d32d,springtech-solutions-limited,NG,"614b4e89adde18001386c562"
6a571c90fbb6440012e65733,skylimit-int-ventures,NG,"68d51de78baf9700535db12a"
6a39974aaaa8090012718ccf,soupa-tastee,NG,"6a3976de565b2e001936e296"
6a26b9ff643e5a002124b5a0,cypherdevs-technologies,NG,"6a26b7eb93ff4f0012e14203"
6a03b97404d5f800196492f0,ali-furniture-house-ltd,NG,"671c08b95d98a7006cee9f54"
6a1563260b27f8002142ce0e,cci-follow-up,NG,"6a1561442aee6e0012ab8f85"
69e0125d11b8090020655054,by_goodie,NG,"69e0108b11b809002065481c"
6a2b191d549cce00212df105,objdrive,NG,"6a2b189158c5620012335db2"
69f088996a3e2e002bc88b1b,createdbydmo,NG,"69f088996a3e2e002bc88aeb"
69cec152b44c1400196df899,ogunlabi-david-1xnnxc,NG,"69cec105d35b210012801ae2"
6a0f3268fc2be6003176abb7,distinct-prime-realty-ltd,NG,"6a0f3268fc2be6003176aba7"
6a54cdae0c129800125d7048,iulia-travel-tour,NL,"6a54cdab0c129800125d6d4b"
69e60849596940002b0aaac5,sky-net-travels-and-tours-pvt-ltd,NP,"69e606e90407760020c7137f"
6a203eebdcbf770012f0d8b5,zenix-digital-productions,NP,"6463cb0e8c1df40012c84a15"
6a2e5b232dada400196b2260,tatweer-al-gharbiya,OM,"6a2e5ab02dada400196b176f"
6a0d5df98ed47700318d8dd2,shrkh-abw-nwar-albryky-lltjarh-walmqawlat-sh-m-m,OM,"6a0d5df98ed47700318d8db4"
6a0d531c786d77002c36d5f2,bronze-star-bubblegum-company-asso,OM,"6a0d5255795366001276a255"
6a6333e8d401fb001904115f,maharaja-restaurant-x3q11d,OM,"6a6329830d40280019357010"
6a4c94eacb111a002d003ba9,bulding-metal,OM,"6a4c94eacb111a002d003b97"
6a25aadd38f4b1002ccecdcf,dense-roses-services-and-trade-spc,OM,"6a25aa28acad1600205dfcf7"
6a5a260c6a99b0002c27abd1,blue-diamond-marine-services-llc,OM,"6a5a257923bdd30012650707"
6a3064ba2dada40019d0d0ca,leads-technology,OM,"6a3064b92dada40019d0d0a2"
6a3e793721f413003167bffa,immortal-investment,OM,"69f9b54772a40e001913bf68"
69d509926c82a6002baa25d5,speed-car-care-luxury-detailing,OM,"69d503e4c69f91001952abc0"
6a297eef6bd6370019a4d011,antonette-jynn-wycoco,PH,"6a297e408196f100218805e7"
6a4900a4130faf0019172faf,pmdl-international-manpower-services,PH,"695e56149dd707002ae43d0c"
6a048a821c46b40012fa8c78,gel-spin-and-snap,PH,"6a048a821c46b40012fa8c63"
6a34dbfb92394b0025f2206b,jewel-mae-coloyan,PH,"6a34dbbb92394b0025f202b6"
6a339a0033086a0021c1ab6c,the-daily-print-17oreg,PH,"676d263d3d7f630602a34d8e"
6a46f802f338e300129acfac,angeli-jill-linaac,PH,"6a46f8004150ca003191f7f3"
69e6b59c596940002b2e4c22,charity-varona,PH,"69e6b56c596940002b2e4ad8"
6a4262c91ddddd0012156c26,jt-trading-and-logistics,PH,"6a4260b6767d4f0012f9b5cd"
6a15a97603d4cd001960e731,genelynn-obien,PH,"6a15a92168c408002dcf496f"
69e8fbdb9720a10012e23fea,belgians-waffles-sm-urdaneta,PH,"670d2c75a70f81004113e7ba"
6a399522eeaa1000251c88a5,contractor-w8gdvg,PK,"6a399521eeaa1000251c8875"
6a104f54ea89c8002c454657,muhammad-usman-gqshpk,PK,"6a104f530e40110020ec00ce"
6a57a89dee709a00216a87bc,the-printing-express,PK,"6a57a89c8caa2700191fc82e"
6a4bf4b24b5b7f002d059254,awwthat,PK,"6a4bf4b1f6c00a0020366d43"
69e724f2bce4e00019184504,hassan-nasir,PK,"68fb4093c76c680048e42a97"
6a4782caa3a7a5001267b6f9,shakeel-and-sons-fikywx,PK,"6a4782c9beaa10002d628fe1"
69d31f6151846d0012f07963,neweage-cables,PK,"69d31f60dafc0a0012f55ea3"
6a05db0d6c6bad0026cec738,misolutionpro,PK,"6a05dad90459b500190b5a2e"
6a0d5f858ed47700318e9337,the-body-solution-physiotherapy-and-rehablitation-center,PK,"6a0d5f8359642d00199a7b0d"
6a5699d2fbb6440012d90383,tax-mate-265h63,PK,"6a5699731fbb580019a2be21"
69d3553557c08d002b308d29,www.rubixultra.com,PK,"69d355334288c40020b2a37d"
6a3c17ba31016b002f9b47aa,muhammad-huzaifa-4jf1l3,PK,"6a3c17b877eafd001276c504"
69fbdbe772a40e00199fce3f,ghalib,PK,"69fbdbe672a40e00199fce21"
6a0b4772715a810025f35aa6,agro-green-energy-5i54wt,PK,"660cf4821280aa0027d2efa7"
6a218ede27b2c6003088618c,an-enterprises-nfkqw4,PK,"697782c4e4bd840011d3637f"
6a454100f278910021079bb0,shoaib-bhatti,PK,"6a4540ff4b12db00191a98aa"
6a3d2442cb6c410021aa1020,blue-ribbon-wears,PK,"6a3d237331016b002fe49e59"
6a44fd997c0e6f001261b705,devtrest1,PK,"6a44fd297c0e6f00126168bb"
6a3cf75877eafd0012a555dd,a2z-communication-rvvjvd,PK,"6a3cf687775dd0001233536e"
6a04a589de31e3002d7f869a,aanish-amir,PK,"68bf2b11c3cefe0056ffa1b9"
69f05a9e5796b3002b2b7d94,hamza-tahir,PK,"68fb4093c76c680048e42a97"
6a397fc10c24380012a2f421,ah-autos,PK,"6a397efb565b2e00193786c4"
69d0a0ffa3990200195fe62c,al-huda-international-quran-institute,PK,"69d0a0a63f400d0019c3ce85"
6a31a14acef584002cb98ae4,wasee,PK,"6a31a0f2eee6350012bae767"
6a4b82e1114bfb00209b01ca,vava-mineral-water-juxr34,PK,"6a4b7feb93f3fd0022ea4cf8"
6a4e92ff8e6e4b00127fec47,ts-brothers,PK,"6a4e92fe549a820019411094"
69d51394f693260012da0a5a,ms-global-engineering-and-trading-copvtltd,PK,"69ae8654f9ba93002bf2d2cd"
6a244a5220566e0019d5253a,madina-pahmacy,PK,"6a244a51345356001913863f"
69f6053919672400206f88a0,haroon-traders-n8a23x,PK,"69f6053919672400206f8894"
6a01ce8b81ac5f00207dfc06,stiga-fight-wears,PK,"6a01ce509ceb9e0012fe1e4c"
6a1ead18630c880011b1ded7,copygist,PK,"6914ed9f4d232b002614cebd"
6a4f6e4c6849580019b30ec2,abdul-rehman-wdvowe,PK,"6a4f6e4b8e6e4b0012afd2e4"
6a47e751d0b09f0032e8d760,interpak-carriage-and-transport-services,PK,"6a47e74fa7d1d3001a368f56"
69dfa4c7ba0a1000191b1ad0,vyra-technologies,PK,"69dfa458724bae0012eecad8"
6a5279ca62896f002da8fc29,ghghjgjhj,PK,"6a5278d9dbbffb00313171d9"
6a516a436f05510012ecd624,malik-brothers-c6uz8k,PK,"6a516a034b0a1a0019e1e226"
6a33c3e2e857c90021e4460d,toniandguy-amazon-mall,PK,"6a33c3e0e857c90021e4451c"
6a4e2cac7cea2b00319be282,abdulrehman-ognvtb,PK,"6a4e2c3e3a6405002137e165"
6a4ccda6cb111a002d24380a,buksh-elahi-and-co,PK,"6a4782c9beaa10002d628fe1"
69f59fafeba19a002bd11ec4,terracotta,QA,"699463c3e27f9d002671cbda"
69d227594288c40020922896,cafe-la-molina-4x1n78,QA,"699463c3e27f9d002671cbda"
69fb38e0196724002095241e,krexim-solutions,RS,"64f078664d180b001266728d"
6a3cf34031016b002fc96e8a,albuaiynain-est,SA,"6a3cef2b9f73a7001926e277"
6a4e6ce568495800197aa378,mjma-nbras-alnkhbh-altby,SA,"6a4e6ce568495800197aa36c"
6a460120a6796b002003d466,s90-sport-sijtku,SA,"6a4600d42e883100191a97d5"
69fb644b1967240020a11877,zara-studio,SA,"69f874381967240020cd43e9"
69e799aead0a83002bd93443,rayan-shahid-trading-est-2af7a1,SA,"68bc8028f3a1b10020697c3b"
69fb22ab57c1e600125e05d0,mussh-syfn-trylz,SA,"697f41e8af184e0011a08dfd"
6a122bca0db5550019ddf429,faisal-mohmmad,SA,"6a1229777c9d200020d12e61"
69dd03c03cae790019fe2d56,dew-miraze,SA,"69dd03c03cae790019fe2d3c"
6a0da9247953660012b1e988,mohammad-fahad-alamri,SA,"6a0da8967953660012b17bd6"
69eb62414be9670019f90f69,riyadh-fix-pro-7fytz9,SA,"69e79c9b9e764c00122286b1"
6a06341c5bbd67001a8d8144,mussh-rkn-albyt-alaamn,SA,"6a0632bfde3ea40012ba717d"
6a5c961f7327ba00317bc5ec,mussh-abdalrhmn-aly-abdalrhmn-alshykh-altjaryh,SA,"6a5c952ede469f001944955b"
69fe6c3706b0d30012fea0c8,shrkh-hay-awrshardz,SA,"69fe6c3706b0d30012fea0bc"
6a38f67bd8953e002143ce81,mussh-alwdhwh-altam-alamnyh-3oz7h4,SA,"6a38f67bd8953e002143ce07"
6a0f4f83d5dc8c00120fb2b0,edarcon-contracting-company-llc,SA,"6a0f4eb1d5dc8c00120f9b91"
69f1091e5796b3002b722286,abdallh-aljbry-bn-salh-alkrby,SA,"69f1091c6a3e2e002bf3f12a"
6a4b8a4bd0b09f003295ec5d,maram-yousef-bazid-1mdur8,SA,"697b84cd8dbfcd001f208e5b"
6a37a6a5aaa8090012080cfc,fatima-abdullah-atif-trading-establishment,SA,"6a37a6a4d8953e00210e1c62"
6a62c1570d4028001910d91b,shrkh-aml-alhyah-lltshghyl-walsyanh,SA,"6a62b8390710f30020343e4f"
6a4101935e97e20012313975,mwss-mthny-bn-jbryn-abn-mhmd-aljbryn-5vv1gm,SA,"6a41005c5e97e20012311ffb"
6a5888295a15ab002da39927,asmaa-elhamaki,SA,"68668e180ad01b0057f8ad69"
6a5b9e790694f40021224f86,cobalt-trading-est,SA,"6a5b9e4426967b00312f9e89"
69cd4ad4d2d819002b927563,collabin-uma1fk,SA,"69cd33de966a5d0019652a7d"
6a53c2463b57000019530e85,al-amal-trading-company,SA,"69e25a0ebce4e000193987a0"
6a6314cb658b710012768929,a-13nlnq,SA,"6a6314461f6b7a002de31e02"
6a2e62209781f2002160bd18,mussh-fryd-abdallh-smdany-altjaryh,SA,"69ccd03fe6a63a00202789a5"
6a1d8f0b96c115002d1fe565,business-and-solutions-company,SA,"6a1d8b454b7466002c5abecb"
69cd64a5b44c140019160446,mussh-alwan-alshhb-altjaryh-alamyr-abdalrhmn-bn-abdalazyz-aldmam,SA,"69cd64a3b44c14001916041a"
6a3a2368565b2e001946737e,sharikat-bayt,SA,"6a3a2364478d8c002d5342af"
6a4f488b7eda4c002139417e,7-cc-mtdr75,SA,"6a4f3deb7eda4c0021337983"
6a5379e340c60a002093496e,apexine,SA,"6a537979540b360012a7625a"
6a4bd0498d5ddf00125139dd,shrkh-alaqwl-almtfwqh-almtkhssh-llmqawlat,SA,"6a4bc8cf8d5ddf00124f553c"
69ccde5be2acba00127d485e,abdallh-alkhdhyry,SA,"69ccde59e2acba00127d4722"
6a62a07e0710f3002033db47,chicago-comtel-trading,SA,"6a62a07c658b7100125e4e4c"
6a4fd50d8e6e4b0012d63423,felix-management-corp,SC,"6a4fd50d8e6e4b0012d63417"
6a5e04b0de469f0019905ba2,rps-mande-engineering-pte-ltd,SG,"6a5e045f98a0580012eb24b0"
69fc5718ca2f6d00193b3437,emerald-synergy-materia-pte-ltd,SG,"65378723304d7d0012fcf00b"
6a21732d27b2c600307dea17,zapflow-solution-pte-ltd,SG,"6a21732ad66ed60018a1b707"
6a3a0ca4aaa8090012789be9,grantitech-pte-ltd,SG,"6a3a09a4478d8c002d48f2ea"
6a282af3364ee7001956b160,al-rawaaah-sg,SG,"6a282af217e7c80012471123"
6a38a05aeeaa100025c2e25a,biocraft-medical-pte-ltd-s8gd9r,SG,"6a389ec4aaa80900121c8dd2"
6a34f6c4f4ea48001264e905,daniil-vereshchagin,SK,"6a34f6c2cb36640020450508"
6a0c8fe6e6df7f0031c5d563,amr-iuvhbu,TH,"6a0c8c2cdae1b10019a25d5e"
69f546cf26d70b002022886c,abhisheik-sharma,TH,"69f546cdac7b910012b3787d"
6a56839d4ade3c002059381d,anka-prime-global-ticaret-as,TR,"69efac46c0d4c000120db5bf"
69fc58eae8a75c0021317252,htm-hasar-yonetimi-ve-danismanlik-ltd,TR,"69fc58e8ca84850012645611"
69e8b3b29a70530019db5800,srackal-productions-jovssi,TT,"69e8b37b9a70530019db2bc7"
6a204a26dbfa9f0025ffd26b,lots-and-design-ltd,TZ,"6a20487fce61860031ec4ec0"
6a10979f7ab95a003103dea6,semi-hardware,TZ,"6a10979e7ab95a003103de97"
6a0724f3eb70760019ff633f,the-dwarkesh-limited,TZ,"6a0724ab715a8100251bca5a"
6a35090a92394b0025070a39,partix-ltd,TZ,"6a3509080ebf5800191ef9b2|6a462c5d0a0b1900194f5b5a"
6a5dcba4f31b45002152eb41,masaka-prime-mining-and-estate-company-limited,TZ,"69e5d45d8088a3001295122a"
69f8624672a40e0019b39d38,pavlo-spiridonov,UA,"69f861ab14adbe0020dcb17a"
69e492f7f5bc5d00128328cd,dar-alshifa-international-medical-center,UG,"69e492f5f5bc5d001283286c"
6a4ce1d7fcd3b70019d6bf1f,nkwanzi-concepts,UG,"6a4ce1b24b5b7f002d47d79f"
6a2692b34beee40031acaa39,freelance-nedve9,US,"6a26927923ace00020a85fbe"
6a21c31527b2c60030922327,ak-electrical-bv61lf,US,"6a21c3138bd3ba001906eeda"
69d43fb72edd3e00247e9682,google-nest,US,"69d43fb62edd3e00247e9672"
69e95ccf9e764c00128a04a4,usanetit-inc,US,"69e95b36c8115d00203eba1c|69f27ed5a65e580019a93053"
6a13b392d8ac6d00198b770b,lilys-bunnies-home,US,"67ca108831dc23002773224d"
69d488cc172ccf002c30f52a,nora-judith-perez,US,"69d488caf0d897002b3a5db1"
6a032184d69c1f002d1f0900,hr-bro-inc,US,"6a032148b816d50012df1879"
6a1edcb14b7466002caf222c,billing-desk-cmp6ye,US,"6a1edc91630c880011ca6f56"
6a56748b22da680031c4cbc5,hargomedia,US,"6a552facdbbffb0031ba660c"
6a442d605680060019308666,dna-diesel-repair-llc,US,"6a319bb5574d4e00205db3d1"
6a0cc8d3eb7076001914aae2,hr-bro-inc-sm6i6g,US,"6a032148b816d50012df1879"
69efaaef5796b3002b0fc92b,hylix-consulting-llc-kd6ewn,US,"68f65f8dfb7d290012c39096"
69dff9c52011510012712131,oasis-clothing-llc-zgwyzk,US,"653fbdb42d9f3e0012872742"
6a16ade5738bf00021ad1a03,partypop-by-prasu-events-9ps3dm,US,"6a16adb4a8b51300208c874e"
6a3afd08d8953e0021d16a84,business-name-nu2xnp,US,"6a3afcb2478d8c002d9eb60c"
69f9085c14adbe00200eb796,emerald-city-technologies-llc-1cmcbz,US,"69f9082072a40e0019e5107c"
6a20af74ce61860031f861fb,galaxy-truck-and-trailer-repair,US,"6a20aeb8b2b2880019d523bc"
6a05f5e36c6bad0026d2b018,pharmabasket-llc,US,"698ddf0e6d22c5001f0f60f6"
6a03fe07d69c1f002d390746,jands-tools-lv5suo,US,"69c527745e394400194c4e7c"
6a322e69515b8d003136fb49,invoice-ya3729,US,"6a322e4a515b8d003136d930"
69ea962411e9cc00124d4d05,ihi-electronics-inc,US,"69ea95dc7b80e5002b843ff9"
69fe0dcd2529910030389b8a,andys-auto-repair,US,"69fe0dcc599e2f0019e4c899"
69ce8e89d35b2100127b40c8,eric-lusk,US,"69ce8e59d2d819002bdf9757"
69f9f238be1f11002b753f97,billing-team-bwkqay,US,"69f9f21e14adbe00205e9ce2"
69f8bb4b57c1e60012be337b,hiraya-studios,US,"68dd66b26a7fa90036a6cb96"
6a09a6b5eb7076001965eb77,b2b-supply-4abbzx,US,"6a09a6b48f5f93002dc84f96"
69d8c019d26b9c0020afe2dc,elianas-bunnies-for-adoption,US,"67ca108831dc23002773224d"
69d51b277dd318002ba1cca4,private-contractor,US,"689f77a69d2471003254ba4d"
6a280657629469003145c21a,a-ttunh4,US,"6a280655629469003145c1ce"
69f27f3337774800202fe791,itlbusiness-llc,US,"67f083bdbd879600123d6128"
6a0f3d24a66b6c00213fa4cd,wholesale-pallet-liquidation-center,US,"6a0e9938ae48fb0012ca0165"
6a15c93ea8b5130020661258,eli-smith,US,"6a15c93ea8b513002066124c"
69f8902814adbe0020f8190f,ppl-billing-1he5yc,US,"69f88ff792c9490019d82130"
6a1388c0a7eb53002566a4db,thea-lawson,US,"6a138879a7eb53002566a334"
6a0625fe5bbd67001a8cfd97,felipe-torres-va2s9b,US,"6a0625b45bbd67001a8cfb38"
69ef50b95796b3002bf9d935,nsm-logistics-solutions-llc-vyydvn,US,"69ef50138183d800197886cd"
69f385b8a65e580019f5fac1,elijah-gaytan,US,"69f385b8a65e580019f5faac"
69d51fa8626cc90020953a2b,gandw-landscaping-and-masonry,US,"689f77a69d2471003254ba4d"
6a2fbfc13331c10019145d29,rr-electrical-deuk3o,US,"6a2fbf6c5fb52f002dd5f607"
69d6ead049787e0012bb1c43,abir-hossen-tilok,US,"664685f24710f30053e79456"
69efdd297ce6e70019dda00a,double-t-commercial-cleaning-llc-4kic5t,US,"69c5aa9b2531a80019ff3bee"
6a2db1f33331c10019d3490f,the-perfume-spot,US,"6a09a6b48f5f93002dc84f96"
6a5f60f4656bb800121cf43d,unleash-skater,US,"6a5f5f93f4b5a40031705a1f"
6a322d47e95401002d952a3e,invoice-ubmcqp,US,"6a322d2e914dea0019978f5e"
6a3a75374412d10012745dd4,growth-genius-inc,US,"6981e57f41d3970011c50cbd|658aefd7421756002b73eb62"
6a085e84f254390020b47f80,davids-sports-center,US,"6a085e014572060012d82e22"
69f021da5f5168001284b12a,nguyen-van-hung,VN,"69f021a16a3e2e002b97162c"
6a105dd7e547cb0019ab3108,freelance-bs2xfj,VN,"6a105dd7399afc002d2a5587"
69db59e4f4aa0a002b03704a,weps-for-importing,YE,"60439eec64908e0011a4e059|6148307e011668001a98c127"
6a1bcaef5180c2002d8881d9,olethu-aerials-oec7oi,ZA,"6a1bca4b7feb6d001238b337"
6a437900e351920021ef43c5,de-hooimeit-gz281h,ZA,"6a4378ffe351920021ef4339"
6a42729897dc1800211f428e,freshngo,ZA,"6a42729897dc1800211f4282"
6a5566253b57000019c23daa,fs-containers,ZA,"6a555e16c803e7001937cbee"
6a5608004ade3c0020293247,easy-epoxy-flooring,ZA,"6a5607fefbb6440012a6e62a"
6a3fddd7766b3c0019a8f11c,ian-paper-pro,ZA,"6a3fdd265e97e20012175018"
69e7c43d9720a100128ba54b,jq-enterprises,ZA,"69e7c43d9720a100128ba53a"
6a0c821deb707600190e9c7f,pice-pioneer-cash-and-carry-pty-ltd,ZA,"69fdea31b9241b002c3c5454"
69e64136596940002b219c00,sakmas-automotive,ZA,"640726315db54e0013b2b6ff"
6a60f93878e5700012e983bc,beleuz,ZA,"6a60f93878e5700012e983ac"
69fb3b5a1967240020966c87,sftlou-enterprise,ZA,"69fb3affbe1f11002bca0892"
69e4e39104077600208af4fc,timenergy-pty-ltd,ZA,"69e4e1f2f8a7040019ee8230"
6a0e13f98ed4770031d49d6b,boitumelo-mohlala,ZA,"6a0e13ba8ed4770031d497a7"
69df23646ef8ea001270ab80,stshixo-rush-services-bdhpql,ZA,"69df23626ef8ea001270aa0d"
69f9d38772a40e0019254e78,cookie-crumbs-pka4xm,ZA,"69f9d34992c94900192f8b5f"
6a15bb3b03d4cd001963ea29,sapphire-vines-construction-and-maintainance,ZA,"6a15ba9b738bf0002188524a"
6a3fd2b8b3685500251c56dd,umnotho-hygiene-pty-ltd-ep1htp,ZA,"6a3fcadf5e97e20012129bc8|6a3fd83bb3685500251da86e"
6a0cb5b8f254390020be3096,aurelion-pty-ltd,ZA,"69fdea31b9241b002c3c5454"
6a210b3ddbfa9f0025148b52,sphephelo-khumalo-services-infrve,ZA,"6a2106f1dcbf77001205066c"
6a3cdbeccb6c410021822b89,tge,ZA,"6a3cdbeccb6c410021822b78"
6a1ddfb74b7466002c67036f,kelly-pretty-commodities-pty-ltd,ZA,"69fdea31b9241b002c3c5454"
6a5e3a29eca37c001217fe03,servicelink-sa,ZA,"6a5e39c61fd7170011ca27b9"
69e7549ab68b75002b6d9a2f,sigma-investimentos-pty-ltd,ZA,"67fca82b31d8bc002746c039"
6a3f86841d831e0012b9a1fd,k2025820754-south-africa-pty-ltd,ZA,"6294f6d39d34c500134b1b1b"
6a3d37a9775dd0001254dabf,signal-pro,ZA,"6a3d377131016b002fec4f33"
6a4f5246ce0993001230ac21,melly-sportswear,ZA,"6a4f51f57eda4c00213f6f57"
6a5bd72198a0580012943411,immaculate-designs-home-and-building-inspectors-nnr5sp,ZA,"6a5bd6da61af62001248f2d7"
6a325645f06f030012949ad3,superior-auto-parts,ZA,"6a3256435f64aa00199461ae"
6a437b85c85b51002dce1d21,santabogela-farm,ZA,"62ed01b5731108001a6b01dc"
6a365c9d93872c0012c92238,devmin-investment-ltd,ZM,"67ee5ec0c04e1e00207274e8"
69f9f5ba72a40e0019347d02,innovare-ventures-limited-yk2xuv,ZM,"69f9f56792c94900193efc9b"
69d8a77815a5a80019ae63be,rocs,ZW,"69948960bc7d380011022e8a"
6a081b7fdae1b10019acfdba,flavcon-investments,ZW,"65c1cded12549c0027d7389b"
6a1a8f48a0505b0021965075,pexmate-group,ZW,"6a1a8f48a0505b0021965061"
6a55269bdbbffb0031b96a4d,farmwise-media,ZW,"60a7f0992abe70001242ccc8"
