userId,status,group,businessId,urlKey,country
5e1474698c87a40d558cba5e,Added to Control Group,CONTROL,5e1476598c87a40d558cba67,abclicks,IN
5e1474698c87a40d558cba5e,Added to Control Group,CONTROL,5f6ae87f6e836b362094d9fe,shoppershop,IN
5e1474698c87a40d558cba5e,Added to Control Group,CONTROL,65954c52080dd400201c1c82,ab-clicks-weddings,IN
5e562f07f413920edc0c1b8b,Delivered,TREATED,5e562f07f413920edc0c1b8d,flaners,IN
5e562f07f413920edc0c1b8b,Delivered,TREATED,5e56ae16f413920edc0c1fcd,www.flaners.in,IN
5e5b5e983d555a27a54ecf6f,Delivered,TREATED,5e5b5e983d555a27a54ecf71,www.krpathavan.com,IN
5e5b5e983d555a27a54ecf6f,Delivered,TREATED,68b4424607a01d004c48d632,kr-pathavan-trading-company,IN
5e5b5e983d555a27a54ecf6f,Delivered,TREATED,691f2936d92274001f4f819b,pooja-sports-ty6p16,IN
5e5b5e983d555a27a54ecf6f,Delivered,TREATED,691f2eebcd136a001889ee96,sun-sewing-machine-showroom,IN
5e5b5e983d555a27a54ecf6f,Delivered,TREATED,691f31b32ad9f90011d32c40,royal-agencies-crylyh,IN
5e5b5e983d555a27a54ecf6f,Delivered,TREATED,69379d719adaf40018e5bb94,jv-wellington-typewriters,IN
5e5b5e983d555a27a54ecf6f,Delivered,TREATED,6937a244725db5001824a4a2,sri-swamy-typewriter-machine,IN
5e856fe03cb95d1ad672256c,Delivered,TREATED,5e288003e0e9327626844cf6,codebuddy,IN
5e856fe03cb95d1ad672256c,Delivered,TREATED,5f64fa2a85e1b6075ba3011b,abhishek-gupta,IN
5e856fe03cb95d1ad672256c,Delivered,TREATED,5fc9e36c56babd268a2c6e7f,sudipta-b,IN
5e856fe03cb95d1ad672256c,Delivered,TREATED,60e3762fa4496d0011e23c55,cb-leads,IN
5e856fe03cb95d1ad672256c,Delivered,TREATED,6995dce3893645001fdc4cc4,codebuddy-inc,US
5e952c27daf2af370be5f90e,Delivered,TREATED,5e952d5edaf2af370be5f91c,fatema-codintrigal,IN
5e952c27daf2af370be5f90e,Delivered,TREATED,667ab542dc452d0082fe6866,codintrigal-solution,IN
5e952c27daf2af370be5f90e,Delivered,TREATED,667ab5b07e199f002765aa02,fatema-kutarvadaliwala-mz5nk5,IN
5ecb9e0e4d1c3a6e9e6e7c04,Delivered,TREATED,5ecb9e7d4d1c3a6e9e6e7c36,facteye,IN
5ecb9e0e4d1c3a6e9e6e7c04,Delivered,TREATED,6995a6c5d09dc0002a0ebb65,tidyhire-management-consultancies-llc,AE
5ecb9e0e4d1c3a6e9e6e7c04,Delivered,TREATED,6a3953c5d8953e002172e633,tidyhire-management-consultancies-llc-npaiqo,AE
5eec8e6380e8f3655e506d39,Delivered,TREATED,66ed2342233999006c4ce593,sante-qualite-consultancy-services-6mhvew,IN
5eec8e6380e8f3655e506d39,Delivered,TREATED,67502ca7bbf54202503d00ff,sante-qualite-biomedical-services,IN
5eec8e6380e8f3655e506d39,Delivered,TREATED,5e4a2792654a1f22b2982ceb,sante-qualite-consultancy-services-private-limited,IN
5f3161f8cdbf0a297c078439,Added to Control Group,CONTROL,5f3161f8cdbf0a297c07843b,ingen-llc,US
5f3161f8cdbf0a297c078439,Added to Control Group,CONTROL,670a2ed5a36a60019553420b,adaptis-rcm-private-limited,US
5f6c298b01d33934995f97cc,Opened,TREATED,5f6c298c01d33934995f97ce,narang-lightening-solutions,IN
5f6c298b01d33934995f97cc,Opened,TREATED,61a1c9839e83e1001348c103,rezent-power,IN
5f6c298b01d33934995f97cc,Opened,TREATED,63e6525caa7c8e0011a5bb9c,naman-narang,IN
5f6de81409c7e863b41d4c54,Delivered,TREATED,5f6de81409c7e863b41d4c56,v-lnk-u-cable-and-internet-services,IN
5f93bf875611891e00d3799c,Delivered,TREATED,5f93c24b5611891e00d3862d,tamil-hotell,US
601a6e63170944433d6d728e,Delivered,TREATED,601a6eeb7d72d3497acd1572,www.indiacraftart.com,IN
601a6e63170944433d6d728e,Delivered,TREATED,655df6f33d1fb20019de2db9,thot,IN
601e23b9368f8f651547b6bf,Delivered,TREATED,601e3d30368f8f6515480bbf,star-vision-cable-tv-internet,IN
601e23b9368f8f651547b6bf,Delivered,TREATED,620e0005cc28260012e19598,starvisonitsolutions,IN
601e23b9368f8f651547b6bf,Delivered,TREATED,621f2a11980403001314932e,dharambhir-kumar-mehta,IN
601e23b9368f8f651547b6bf,Delivered,TREATED,66ec4b5141a610006c95b26f,star-vision-it-solutions,IN
601e23b9368f8f651547b6bf,Delivered,TREATED,69cd148609bfc00020f2ced2,ms-jai-shiv-enterprises,IN
604e010cad85d40018fa3a2a,Clicked,TREATED,604a53bec7902c00121a0a5b,www.supertexep.com,IN
604e010cad85d40018fa3a2a,Clicked,TREATED,69a1646283b86c00112e7f77,s-m-enterprises-4k8wts,IN
6065f18e3d088900121ac537,Delivered,TREATED,6065f1d23d088900121ac58a,jha-legal-associates,IN
6065f18e3d088900121ac537,Delivered,TREATED,6a6d832dd1345b0025233da3,domusaxis-signature-realty-private-limited,IN
608fb2fe9ea4be0012330d4b,Opened,TREATED,65539caed40403001a55e081,cheung-ka-ying-bianca,HK
608fb2fe9ea4be0012330d4b,Opened,TREATED,66c964b0f887980048e4a4fa,pignic-catering,IN
608fb2fe9ea4be0012330d4b,Opened,TREATED,6946ee1cca1e2300110193fe,latte-pilates-hk,HK
609e0f2c629b710012772a6f,Delivered,TREATED,609e0f2c629b710012772a71,edoctorbook-private-limited,IN
609e0f2c629b710012772a6f,Delivered,TREATED,60d75c22ebff7e0012c72d0b,provatosoft-private-limited,IN
609e0f2c629b710012772a6f,Delivered,TREATED,60ddda8ed77def001805d8b2,akshant-technology-services,IN
609e0f2c629b710012772a6f,Delivered,TREATED,647dc94787f78c0011977ebd,instrim-labs-llp,IN
60a74c1a8ad53f00130e24a6,Delivered,TREATED,60a74c1a8ad53f00130e24a8,bcm,IN
60a74c1a8ad53f00130e24a6,Delivered,TREATED,60a8fa96c9942c00129568e7,sbst,IN
60a74c1a8ad53f00130e24a6,Delivered,TREATED,644fa0395df2c80012076ed3,sai-corporation-w1wyop,IN
60a74c1a8ad53f00130e24a6,Delivered,TREATED,67c86bbc4f8a030019a1134b,atrangi-kitchen,IN
60b4e3e4504cea0012a69f2d,Added to Control Group,CONTROL,6430fc0cd24ba200119df41b,nishant-chahar-3r3mk9,IN
60b4e3e4504cea0012a69f2d,Added to Control Group,CONTROL,66f41965bd26ce00a308923c,techup-education-private-limited,IN
60b6110261f3630013d035f8,Opened,TREATED,60b6110261f3630013d035fa,cross-impact,IN
60b6110261f3630013d035f8,Opened,TREATED,61120b043f47d10019ecceb6,lighthouse-church,IN
60b6110261f3630013d035f8,Opened,TREATED,61a9d22c0a87810013c81279,sputznik,IN
60b6110261f3630013d035f8,Opened,TREATED,635223a9078b0500124c3b97,inkgraved,IN
60b6110261f3630013d035f8,Opened,TREATED,68e13e5ff0661600480704b2,was-conf-25,IN
60de9e62d77def001806668a,Failed,TREATED,60de9e62d77def00180666a1,sirius-media,IN
60de9e62d77def001806668a,Failed,TREATED,61694e1a4c822e00124d11c5,vinayak-vyas-2ly2br,IN
60de9e62d77def001806668a,Failed,TREATED,63ea71811abdd5001262e149,mekhla-vyas,IN
60de9e62d77def001806668a,Failed,TREATED,66a9faf4b71c720019c21b3d,princy-pandey-sqq4kq,IN
6157dcb5890445001251e00f,Delivered,TREATED,6157e01efb1c7a001222c5b1,aimjapan.net,IN
6157dcb5890445001251e00f,Delivered,TREATED,68a6f70d7908900019afaa19,aimjapanoo7-private-limited,IN
6157dcb5890445001251e00f,Delivered,TREATED,6a41e650083fe7003139e5a8,gowsalya-r,IN
61aa03a1f12523001476cd22,Opened,TREATED,61aa06fda07700001318e434,kdmhr,IN
61aa03a1f12523001476cd22,Opened,TREATED,61aa121ca5e7cd001246990e,eminenthr,IN
61aa03a1f12523001476cd22,Opened,TREATED,61aa12a9f125230014786590,kdmlawfirm,IN
61aa03a1f12523001476cd22,Opened,TREATED,620a4571c9412d001a9baae5,sreethilawfirm,IN
61aa03a1f12523001476cd22,Opened,TREATED,63ae83ba77d07d0012091458,kdmlawacademy,IN
61aa03a1f12523001476cd22,Opened,TREATED,63d116239736ee0013bc6dba,mindrichhr,IN
61ad0dc68677c1001486e478,Opened,TREATED,61ad0dc68677c1001486e485,eleo-technology-and-telecommunications-nig-limited,NG
61b303468087b100122f17e9,Delivered,TREATED,61b3041a8087b100122f47c1,aandk-accounting-and-solution,LK
61b303468087b100122f17e9,Delivered,TREATED,641ae2e3baac1200111ed2e6,sample-sample-pvt-ltd,LK
61b303468087b100122f17e9,Delivered,TREATED,69f0c27357dca90020909820,kabilraj,LK
62188a70c8d604001314b43a,Opened,TREATED,62188a70c8d604001314b44c,flysocial-digital-marketing,IN
62188a70c8d604001314b43a,Opened,TREATED,65814347a6030900122cc11c,royaltech-designs,IN
621c7858cfe6f200125097d3,Delivered,TREATED,621c7bf0f3583f001529a72c,stellar8labs,IN
621c7858cfe6f200125097d3,Delivered,TREATED,6528d5cc2ae76e001249cb1c,devjeet-choudhury-j3ypcj,IN
621c7858cfe6f200125097d3,Delivered,TREATED,694e4e81f48c8300114b0628,inquantic-technologies-private-limited,IN
621c7858cfe6f200125097d3,Delivered,TREATED,6958ccca9d1b120018afb2ac,stellar8-labs,IN
626288592a229c00132612ae,Delivered,TREATED,6262890b50171e00134ea50c,aerpointfans.com,IN
626288592a229c00132612ae,Delivered,TREATED,629727ac7b16f300128c5e72,ayesha-ludhia,IN
626288592a229c00132612ae,Delivered,TREATED,62de4beffccf1a001a329308,ms-g-shopee.com,IN
626288592a229c00132612ae,Delivered,TREATED,63171a7da339940012e6b06f,eken-lites,IN
626288592a229c00132612ae,Delivered,TREATED,631b172f005686001aec7b08,mr-kpd-sigamani,IN
626288592a229c00132612ae,Delivered,TREATED,632ab014a426b00014c1c4ab,triton-hotels-and-resorts,IN
626288592a229c00132612ae,Delivered,TREATED,635b9107cb057300191cb862,shah-plastic-industries,IN
626288592a229c00132612ae,Delivered,TREATED,63e21224add51e0012629935,aerpointfans,IN
62692be460d1f400136ced64,Delivered,TREATED,62692fa660d1f400136d246b,desert-star-trading-wll-88ccrc,QA
62692be460d1f400136ced64,Delivered,TREATED,6269329d87150300135f529d,lightix-trading-i6klwz,IN
62692be460d1f400136ced64,Delivered,TREATED,6309eaa9b06cdb0012f7bf78,classic-trading-and-contracting,QA
62aaacf847e3570012d2a288,Added to Control Group,CONTROL,62aaad92b1c1c80012bb17e4,rivansh-animal-nutrition-private-limited,IN
62aaacf847e3570012d2a288,Added to Control Group,CONTROL,62eea1a24e19c4001a9c0c81,feed-formulation-consultancy-dq1fkb,IN
62aaacf847e3570012d2a288,Added to Control Group,CONTROL,6781283e68234f01064763b0,livestock-nutrition,IN
62b1b1a1aed60c001ad9fd35,Delivered,TREATED,62b1b1a1beacff0019e2cff8,trina-saha-ok8dob,IN
62b1b1a1aed60c001ad9fd35,Delivered,TREATED,62de551d24cf8400196465f0,rajdeep-gupta,IN
62b1b1a1aed60c001ad9fd35,Delivered,TREATED,62de650bbbbd3c0013babc29,sourav-das,IN
62b1b1a1aed60c001ad9fd35,Delivered,TREATED,6412fb5597b6f50013a76b7d,niranjan-mondan-laughtersane,IN
62b1b1a1aed60c001ad9fd35,Delivered,TREATED,643929c72147270018b30924,ravi-raj-shaw,IN
62b1b1a1aed60c001ad9fd35,Delivered,TREATED,6459d5a895a61b0012c13df9,mohit-hiranandani,IN
62b1b1a1aed60c001ad9fd35,Delivered,TREATED,649493ff76b7d500117a74df,shreya-gupta,IN
62b1b1a1aed60c001ad9fd35,Delivered,TREATED,65d71bb327242500206b104b,erika-packard,IN
62b1b1a1aed60c001ad9fd35,Delivered,TREATED,65feda65d259930056b4647d,priyanka-sarkar,IN
62b1b1a1aed60c001ad9fd35,Delivered,TREATED,664eeb5f56a39f00776355a5,ekanansha-roy-chowdhury,IN
62b1b1a1aed60c001ad9fd35,Delivered,TREATED,68d83ccae79a1e0053faf814,niranjan-mondal,IN
62b1b1a1aed60c001ad9fd35,Delivered,TREATED,68f08775c222610019c31af3,shreya-gupto,IN
62e4e888d85fdc0019fd0d25,Added to Control Group,CONTROL,62f35806a42a2000144cb6cb,unsocials-ab29hd,Other
62e4e888d85fdc0019fd0d25,Added to Control Group,CONTROL,64ddad64fe82e6001182b984,unsocials-thailand,TH
62e4e888d85fdc0019fd0d25,Added to Control Group,CONTROL,6645b837902993002b9fc674,infusion-bizz,IN
62e4e888d85fdc0019fd0d25,Added to Control Group,CONTROL,686cc9de8e81a20053d02531,tushar-gaur,TH
62e4e888d85fdc0019fd0d25,Added to Control Group,CONTROL,68a587cca49bf20048884f46,xperience-stays-co-ltd,TH
62f668e350dc690013ae30dc,Added to Control Group,CONTROL,62f669dcccc7890013526c1c,naavigo.com,IN
62f668e350dc690013ae30dc,Added to Control Group,CONTROL,63fa4a7e32619a0012cd4229,savaari-car-rentals-pvt-ltd-y9u2c3,IN
62f668e350dc690013ae30dc,Added to Control Group,CONTROL,6666af686aab3b00279baea5,prashanth-ojs87t,IN
634fe58ab0f92900123c7db1,Failed,TREATED,634fe58ab0f92900123c7dd1,balloonsandconfettii,IN
634fe58ab0f92900123c7db1,Failed,TREATED,638d81ed2d410b00120a2477,kanan-vohera-clothing,IN
636ead057f7764001249e6b8,Opened,TREATED,64687eb559d59500122060b9,vaghani,IN
636ead057f7764001249e6b8,Opened,TREATED,64688e1f8c45780012a0ed6f,labstone-8xi14g,IN
636ead057f7764001249e6b8,Opened,TREATED,659661a33b87ef002b26e410,diego-martinez,MX
636ead057f7764001249e6b8,Opened,TREATED,678b555df186c9002e8b5e63,bm-lab-jewelry,TH
636ead057f7764001249e6b8,Opened,TREATED,67b84499f2b4df0035e85fd1,kiza-jewels,IN
636ead057f7764001249e6b8,Opened,TREATED,68cd3dd165bb610032037c15,brahmani-exports-6ipey9,IN
6384c05df1316600117803fc,Delivered,TREATED,6384c4e15d23e800125d103d,infiniedits,IN
6384c05df1316600117803fc,Delivered,TREATED,641723986a715800191ce22e,infini-edits,IN
63eb6476952d6300126ebacd,Opened,TREATED,63eb649c92feba0011627bc0,mandari-teknologi,ID
63f6e308146cc50012009cea,Opened,TREATED,6a56633efbb6440012d0f524,mm-maggie-cafe-kzbbgj,MY
63fdd042e2e39300191f5778,Delivered,TREATED,68b7f8172d5d2700194ce28c,kujin-store,MY
64143f7a3dbf060011e63eb2,Delivered,TREATED,64143f823dbf060011e64176,toran,IN
64143f7a3dbf060011e63eb2,Delivered,TREATED,64d47882ed34ec0011b56740,aapkeliye-technologies,IN
64143f7a3dbf060011e63eb2,Delivered,TREATED,67925d33688b9a001212c69c,sports-work,IN
64143f7a3dbf060011e63eb2,Delivered,TREATED,67f77bd659ef2e002e45c975,thangadurai,IN
645bb50d0d92aa0013f72eb6,Opened,TREATED,645bb50d737d590011d31384,varun-enterprises-f1q7p8,IN
645bb50d0d92aa0013f72eb6,Opened,TREATED,67dd15eabd1783002e000dee,triveni-traders-utbnlt,IN
645bb50d0d92aa0013f72eb6,Opened,TREATED,6979e1c30c5013002aa9bb5c,liva-nexus,IN
645bb50d0d92aa0013f72eb6,Opened,TREATED,6a67221be3086e0019ba88bf,triveni-logistic-solutions-private-limited,IN
647ee8b098e03f0012edc04b,Delivered,TREATED,647ee8b198e03f0012edc091,lover-balloon-decor,MY
64e32219aa525a0019712d5f,Failed,TREATED,64e0b3ba5e9a24001181a83a,gulf-healthcare-solution,AE
64e32219aa525a0019712d5f,Failed,TREATED,64e32601b34d3f0019fa548d,skyrotek-speciality-technical-services-llc,AE
64e32219aa525a0019712d5f,Failed,TREATED,65210d14741bf20012214e9d,imh-ltd,GB
64f730d0ff095e00129da4f6,Opened,TREATED,64f730d0ff095e00129da507,chu-squared-enterprises,BW
64f730d0ff095e00129da4f6,Opened,TREATED,69aecc05f9ba93002b164270,thabo-chuchu,BW
64f730d0ff095e00129da4f6,Opened,TREATED,6a6c847fd1345b0025f27dc8,nativewaters-engineering-pty-ltd,BW
65014bbbaf2db6001287690b,Added to Control Group,CONTROL,65014bd5e148a40011473c2e,rgm,Other
650ad8a0bbc3ba0019b85c28,Opened,TREATED,650ad8a0bbc3ba0019b85c43,the-grey-alpha-services,IN
650ad8a0bbc3ba0019b85c28,Opened,TREATED,6846b5feea02ac002ee5e315,grey-alpha-media-fz-llc-g5szhl,AE
650ad8a0bbc3ba0019b85c28,Opened,TREATED,6846c8e02e2dbc003c6cf8fd,savvy-media-fz-llc,AE
650ad8a0bbc3ba0019b85c28,Opened,TREATED,69411b16701e2f002a8e6c01,appsco-services,IN
651e7f73a497e700125cfd12,Opened,TREATED,651e7f73a497e700125cfd34,tanya-arora,IN
651e7f73a497e700125cfd12,Opened,TREATED,68ec22e55a85ae00425922ab,krishika-gupta-ocanv4,IN
652a089827928f001271f628,Delivered,TREATED,652a08992ae76e00128862fb,flexi-clean-ent,MY
656b2ecad022a70027af89fa,Opened,TREATED,656b2ecad022a70027af8a07,hungers-kitchen,IN
656b2ecad022a70027af89fa,Opened,TREATED,6645b48994fa2000aee8611f,hungers-kitchen-wefwr3,IN
656b2ecad022a70027af89fa,Opened,TREATED,6961c2cdeae195001f951456,s-k-buidcon,IN
656b2ecad022a70027af89fa,Opened,TREATED,6a66ff79f25e0e0012d12a99,sk-enterprises-18u6yz,IN
6596a75145687f0020b32399,Delivered,TREATED,6596a79d8c5cec00119b5072,hair-goals-by-jaya,IN
6596a75145687f0020b32399,Delivered,TREATED,66c2ddbfce18e2003d654037,kamy-sharma,IN
65b8a10e9f1d41002b6cbc6e,Delivered,TREATED,65b8a10e3ac5c40019b4a590,aasaam-plus,MV
65b8a10e9f1d41002b6cbc6e,Delivered,TREATED,67bc1ca4813ef80043c7c340,mahal-the-garden-restaurant,MV
65bcf2cce44cba002047f6ee,Delivered,TREATED,65bcf88405117d002bf16c23,riwa-software-labs,AE
65bcf2cce44cba002047f6ee,Delivered,TREATED,678fb964979f82001223b5e6,al-riwa-computers-and-requisites-trading-llc,AE
65bcf2cce44cba002047f6ee,Delivered,TREATED,68f7677e9890b9003d45061c,xernoix,AE
65cb12a2a3c22500196588db,Delivered,TREATED,62298dfffe709d001311c9c1,dtroffle,IN
65cb12a2a3c22500196588db,Delivered,TREATED,670f5e598ce70e0012f27696,beegazpacho-by-dtroffle-info-pvtltd,IN
65cb12a2a3c22500196588db,Delivered,TREATED,62c298a7a46f620019bb3b42,beegazpacho,IN
65cb12a2a3c22500196588db,Delivered,TREATED,6923fdaf6188840025c92130,kamal-enterprises-anant-prakash,IN
65d8ebc5c1abb4001262688b,Delivered,TREATED,65d8ebc51adbaf0027d04774,ysths,US
65f397fa655dbd002b8b80e9,Failed,TREATED,65f39ea131b9a1002bd636d2,muhammad-fahmi-bin-kutni,MY
660b6792ab60b600194e063f,Opened,TREATED,660b67ea531db10077a0bf2b,prashant-jain-yh315d,IN
660b6792ab60b600194e063f,Opened,TREATED,68e67b945672f20012fba4fd,ruchi-mehta,IN
6622aafb7cee240012f924ea,Delivered,TREATED,6622aafc1e09f1001273d9ee,brather-sports-tyqk91,PK
6622aafb7cee240012f924ea,Delivered,TREATED,6a7c19d3b0e13c002518b893,brather-apparel,PK
66347d89ab42f600192bde2a,Opened,TREATED,66347fffd8d40400563fa5e8,neutec,IN
66347d89ab42f600192bde2a,Opened,TREATED,68d679e8e713b0003dba1c3b,neutec-engineering-solutions-fzc,AE
6647d626668f0e0048d33dec,Delivered,TREATED,6647d66bddf1ef00329e3ff4,my-idea,ID
6647d626668f0e0048d33dec,Delivered,TREATED,6a0998f37d43ca001214ed4d,zoet-haus,ID
6647d626668f0e0048d33dec,Delivered,TREATED,6a6f0364717698002d54306b,cv-rumah-manis-indonesia,ID
66580a8bd79c9d0053590fb1,Opened,TREATED,66580a8bd79c9d0053590fc0,ritu-yadav-6xxlfn,IN
66580a8bd79c9d0053590fb1,Opened,TREATED,66d6e172fbfe12003da245cc,aadvik-digital-services,IN
667993715ceb6c002072edab,Delivered,TREATED,6679937281783d0019b2c6ee,buzzinga,IN
667993715ceb6c002072edab,Delivered,TREATED,68df6c524cb09300190407c3,buzzinga-i6lxjw,IN
668189d4b985a3008dce75f1,Delivered,TREATED,66818a01ff483400ae50ef57,anshriam,Other
668189d4b985a3008dce75f1,Delivered,TREATED,67dced7bb335820027e1072c,cakes-and-yumms,IN
668189d4b985a3008dce75f1,Delivered,TREATED,682042d11b6b4f0020fbe623,quantoptic-private-limited,IN
668189d4b985a3008dce75f1,Delivered,TREATED,695e444ecd040a0018671bca,xdigipath-softwares-india-private-limited,IN
669eae8758834900a3f26798,Added to Control Group,CONTROL,669eaee986be1100320d7984,habeeb-typing,AE
669eae8758834900a3f26798,Added to Control Group,CONTROL,689cf510ab0cb90053221764,visa-typing-work,AE
669eae8758834900a3f26798,Added to Control Group,CONTROL,68ed14b9b8822a0027151a93,al-zawra-businessmen-service-qlimh5,AE
669eae8758834900a3f26798,Added to Control Group,CONTROL,6955b2b9f847d1002ab58518,tareeq-al-ramla-human-resources-consultancies-llc,AE
669eae8758834900a3f26798,Added to Control Group,CONTROL,699c39166ff949002ac38182,gabbro-creations,AE
66a25f249fa4f4008d6bcbc8,Delivered,TREATED,66a25f249fa4f4008d6bcbd5,house-of-arts-pmqvod,IN
66a25f249fa4f4008d6bcbc8,Delivered,TREATED,68b040bc44b2a900278925ed,nasiha-abid,IN
66a7f0a6fe5fac00198804ad,Delivered,TREATED,67c7195ffeafb9008db25981,vision-hydraulics,ZW
66a7f0a6fe5fac00198804ad,Delivered,TREATED,69cadd740714f8002087d9f0,mincom-civils,ZA
66a7f0a6fe5fac00198804ad,Delivered,TREATED,6a2102bcdbfa9f00251117a0,rays-equipment-hub,ZW
66a7f0a6fe5fac00198804ad,Delivered,TREATED,6a32e50908ae9d0012591983,mechauto-zw,ZW
66b708ad0ad3bf004c2bd3c6,Opened,TREATED,66b708ae5b5d4e00da8ebaf6,royal-it-services,IN
66b708ad0ad3bf004c2bd3c6,Opened,TREATED,69d5fd668ed2ae002021a103,royal-it-service,IN
66c0732385436f00820adbd0,Added to Control Group,CONTROL,66f3b41670ec34002038dcda,akshay-tiwari-msd36h,IN
66c0732385436f00820adbd0,Added to Control Group,CONTROL,67012e52bc07630012af2ba0,t-laxmi-priya,IN
66c0732385436f00820adbd0,Added to Control Group,CONTROL,67c00fdbef12ad004f6570f0,akshay-tiwari-5p5fq5,IN
66ea8b295763340077fda6c2,Delivered,TREATED,66ea8bb6ea5c110077bbcd2a,made-by-studios-pvt-ltd,NP
66ea8b295763340077fda6c2,Delivered,TREATED,68f76540210bfa006d6eea52,paras-shrestha,NP
66ebd8b608bd05003df7c14d,Delivered,TREATED,66ebd9f567770f00194f0838,amyr-abdaly,IR
66ebd8b608bd05003df7c14d,Delivered,TREATED,690b1a5945ec3d0012c4dc72,shafaq-al-furat,AE
66ebd8b608bd05003df7c14d,Delivered,TREATED,696df1f9d1598d00182cf8be,taba,IR
66ebd8b608bd05003df7c14d,Delivered,TREATED,6a575f577531680012c155ad,alotech,IR
6701152f7f8f2c0020b4a0d2,Delivered,TREATED,6701152f7f8f2c0020b4a0e5,codosity,IN
670ced65c1c94d00193d5b63,Delivered,TREATED,670ced65c1c94d00193d5b70,prachi-gupta-pww331,IN
670ced65c1c94d00193d5b63,Delivered,TREATED,670cf06fdedc9b00323c3575,payal-guota,IN
670ced65c1c94d00193d5b63,Delivered,TREATED,68919e8e8f453900412f983e,olive-farms,IN
670ced65c1c94d00193d5b63,Delivered,TREATED,69cf45fa0e4b43001207c0b3,umeshwar-prasad-huf,IN
670fb4f6610d240027e9f88e,Delivered,TREATED,670fb4f8080b67005362e2cd,believe-media-production-bmp-shotit,NA
670fb4f6610d240027e9f88e,Delivered,TREATED,6829d616ab6d49002e60e47b,yetu-media-studio,NA
67125f6c938c7c0127e473a3,Opened,TREATED,67125f6d938c7c0127e473bc,botmast,IN
67125f6c938c7c0127e473a3,Opened,TREATED,69082d0b60457a002be0c6c8,ringwise-obrjef,IN
67125f6c938c7c0127e473a3,Opened,TREATED,6a7867e10bcba20012dcd10d,soubhav-gupta,AE
67171ccb0797c501cc6d7d5f,Opened,TREATED,67171ccc0797c501cc6d7d80,ky-engineering-sdn-bhd-dutpeb,MY
67171ccb0797c501cc6d7d5f,Opened,TREATED,6a332a7908ae9d00125bf250,jurutera-bersekutu-abadi-sdn-bhd,MY
6721bf4e98f9c4004235cc70,Added to Control Group,CONTROL,680d39f695b120002e013bd9,slow-is-fast-r728i9,ZA
6728a56c29d48200b95ccef0,Added to Control Group,CONTROL,6728aa7ec29d1d009877538b,nr-sports-event-management,BD
6729e67e7d982f00a3a336f9,Delivered,TREATED,6729e7254e8f6e00352b3fe8,ta-apparel-shop,Other
6729e67e7d982f00a3a336f9,Delivered,TREATED,67384efd94f15601b631dc8b,norhuda-enterprise,MY
6759a990ef6c9f00fb2b9473,Delivered,TREATED,6759a9b7ffca7701a0545852,omiz-staffing-solutions-llc,US
6759a990ef6c9f00fb2b9473,Delivered,TREATED,6a67aede4509f20025944128,omiz-staffing-solutions-llp,IN
676829ea1c33be04e4b33f5a,Opened,TREATED,676829ea1c33be04e4b33f69,maher-amkan-electrical-est-mahyan,SA
676829ea1c33be04e4b33f5a,Opened,TREATED,676b306d73e7fa0169a2064b,www.mahyan.com,SA
676829ea1c33be04e4b33f5a,Opened,TREATED,69439d6e4d9d28002a08f12d,dpc-contracting-company,SA
676d313cd4d4290043fb5bf0,Added to Control Group,CONTROL,676d31eb9b580805d694e55c,drugs-and-devices,IN
677987e02b6bcd023a25d186,Added to Control Group,CONTROL,6779885a77c7e101ed77559f,sri-kusumamba-modern-raw-and-boiled-ricemill,IN
677987e02b6bcd023a25d186,Added to Control Group,CONTROL,677990c435c7d3022f6dbf73,kusuma-latha-convention,IN
678e6c7c55d6a30670ae169f,Delivered,TREATED,68381b2e148897003c5540e3,nk-farms-8hso3h,IN
678e6c7c55d6a30670ae169f,Delivered,TREATED,692c23f1827fdf002979e5f0,chandrakant-balvant-more,IN
678e6c7c55d6a30670ae169f,Delivered,TREATED,692c7a01827fdf00298b9375,swanandi-agro-services,IN
678e6c7c55d6a30670ae169f,Delivered,TREATED,69d5ff2449787e00127722b3,kiara-and-poonam-food-llp,IN
67922d77f7b34700122c0b3d,Added to Control Group,CONTROL,67922d78dce6b0006c194921,alfmeem-company,SA
67a5e7cbd40e57006c7bcce0,Delivered,TREATED,67a5e8058b3bbc0012534fd0,freelancer-towtli,IN
67a5e7cbd40e57006c7bcce0,Delivered,TREATED,684b1c7d1518740035246bae,ashu-sharma-iwk3qg,IN
67ab2db6a23e66006cb79c4d,Added to Control Group,CONTROL,67ab2e52c038080077b26fd7,hopekim-medical-centre,KE
67bc6c7f76b3ba0118467647,Opened,TREATED,696a3b66e076c3001f62b540,pacho-printing-and-copying,BW
67bd933f95b2d900aeeb3382,Added to Control Group,CONTROL,6a44e5d2eed8bb002d8caefb,digi-roket,US
67e3d9224ef2b9004009684d,Added to Control Group,CONTROL,67e3d9828b89ef0020c13d08,cantabrian-talent,IN
67ea34424df83300198b28da,Delivered,TREATED,67ea34ffa8f2e2002eddd446,mad-platters,ZA
67ea34424df83300198b28da,Delivered,TREATED,6a36d6b50c24380012241c39,mad-flower-bar,ZA
67ea7c2d921c6e003ce86d1e,Delivered,TREATED,6a4290a8f61ead001908a389,tan-jian-yi,MY
67f37ac931cdba0012c9f5bb,Delivered,TREATED,67f37acabd87960012724086,mariyam-gas-and-pipeline-service,IN
67fd86af1285580019c15934,Opened,TREATED,67fd8755a1a4c3002e5c3ee3,vapopolis-uk,GB
67fd86af1285580019c15934,Opened,TREATED,6a526c4a0c12980012f5ebf2,ali-nasser-fcu4um,GB
6813b0b9c043d800470b51c9,Opened,TREATED,68a943dd309ce6001905bc35,carolina-huitz-wjm5b9,US
6813b0b9c043d800470b51c9,Opened,TREATED,68a94580338f930036e70243,claudia-carolina-huitz-estrada,US
681a564e8d419d0027a86867,Delivered,TREATED,681a564f127632002e9aa79f,rahi-gadiya,IN
681a564e8d419d0027a86867,Delivered,TREATED,6a6b7875c1d15700126bf92e,rinkle-jain-8dg61n,IN
68244ccda6712a002060323b,Opened,TREATED,68245086b5fbb60012e3e3e3,homebred,IN
68244ccda6712a002060323b,Opened,TREATED,69d0bdb351846d0012a7fd29,homebredby-gandz,IN
6824ec1316e22e003c436bca,Delivered,TREATED,6824ec4519080b002eee68be,data-axia-private-limited,IN
682a9588014d26001282f142,Opened,TREATED,682a95dbd37c69004353682f,web-brothers,MY
684fac67ab20120019d70a52,Delivered,TREATED,684fac68c33b950012928fe8,subhani-construction-company,PK
684fac67ab20120019d70a52,Delivered,TREATED,685bb8b16a6149001232996c,camera-house,PK
684fac67ab20120019d70a52,Delivered,TREATED,693e9190f55f24002aaa6058,subhani-solars,PK
68667701cd07e7002e060da1,Opened,TREATED,6866774628c5ea00203e72c8,rizcoreach,AE
687d1ee323deed006d9b9d04,Opened,TREATED,687d1f7a6d3fc5006e0e142c,phrenomed,IN
687d1ee323deed006d9b9d04,Opened,TREATED,697718a377d4f80011375018,damini-kolhe,GB
6881319797d4700012c4b2d0,Delivered,TREATED,6881337f480ab7003dba382a,vistaomni-infotech-private-limited-uthj5n,IN
6881319797d4700012c4b2d0,Delivered,TREATED,6912da8472a66f0011a9e17f,atique-qureshi-dhu356,IN
68873334a32e500041d27fb5,Failed,TREATED,6887337269f7f700577842f9,aminuddin-lathif,ID
6895ce318bc96e001285c874,Delivered,TREATED,6895ce354ffc570019e8dad6,novuxa-digital-services,NG
68a45f65ab0cb90053ae33fc,Delivered,TREATED,6a5ac605ef0afb0021eaab37,newb-apparel-9wk9k9,MY
68a6cd1852b3fb0057e0e0a4,Delivered,TREATED,68a6cd19d6daa30053097d14,azy-glowup-computer-upskilling-centre,IN
68a6cd1852b3fb0057e0e0a4,Delivered,TREATED,68a94d1a11be55004133afdd,smart-gaming-store,IN
68bafb8c211ced0032402ff5,Delivered,TREATED,68ebae2044a7bb0019a8c337,axis-nova-contracting-co-drpbxu,SA
68becb6445aa5e004804677f,Added to Control Group,CONTROL,68becbd744b0f8002badcfed,albany-marine,US
68bf4a9d794646001900114a,Failed,TREATED,68bf4ac77946460019001303,apia-lua-limited-7wgnba,WS
68bf4a9d794646001900114a,Failed,TREATED,6a1f5202b0cb100012f77a3f,ai-ai-ava-transport,WS
68c8e554e03c520019e56561,Delivered,TREATED,68c8e554e03c520019e5656d,bismillah-broadband,PK
68ef13394445c5002766ecca,Delivered,TREATED,69a5586d4fa2a6001f21dc6e,golden-printing,ID
68f764b8651e7200123f5ab8,Opened,TREATED,68f764b8651e7200123f5acc,packwell-trading-llc,AE
68f764b8651e7200123f5ab8,Opened,TREATED,69a5383f4fa2a6001f0f2cb8,mustafa-suliman-used-equip-and-heavy-machinery-tr,AE
69012b7a576cca00536eb1cf,Failed,TREATED,69012c4329e3b7002794bb33,establishment-global-index-gen-contest,SA
69012b7a576cca00536eb1cf,Failed,TREATED,6a78dbd820d6df0019480b69,bus-rent,SA
69012b7a576cca00536eb1cf,Failed,TREATED,6a7f52979c8ffd00196b2c56,abdullah-md-alamgir,SA
690797bb60457a002bddd71e,Failed,TREATED,690797e9fffa9800194a2fe3,samin-bhargava,IN
69131d02e2e6e2002aa6593d,Opened,TREATED,695d5ee31bf7da001fa141b1,tejas-jaju,IN
69131d02e2e6e2002aa6593d,Opened,TREATED,6a546501540b360012b8eab5,riddhi-zawar,IN
6918687377ffc100184e5694,Delivered,TREATED,6918687377ffc100184e56a0,mahmoud-gavzj3,AE
6918687377ffc100184e5694,Delivered,TREATED,6a7d9ea0a3db12001ab9e9ed,servio-elite-group,AE
691c49818aa466002a74f19f,Delivered,TREATED,691c49b9817879001f0513b5,dads-esy49w,QA
692073872ad9f9001161bdb5,Added to Control Group,CONTROL,692074915807a6002ac472f6,glazetech-construction-limited,GB
692073872ad9f9001161bdb5,Added to Control Group,CONTROL,6a6db699d928b800194c5b10,glazetech-construction-limited-pif12i,GB
6928af1f8f7bc9001e8ee32c,Added to Control Group,CONTROL,6928b03e8f7bc9001e8ef615,sunrise-sip,MV
6928af1f8f7bc9001e8ee32c,Added to Control Group,CONTROL,6a746fee074a960012d07be7,pure-fuel-engineering,MV
69299c07799fb4001888d8ff,Delivered,TREATED,69299c4ccbf403002a864fd6,rikky,IN
69299c07799fb4001888d8ff,Delivered,TREATED,6a422cca767d4f0012da98cd,baby-rikky-icici,IN
6940590e701e2f002a67a6c7,Delivered,TREATED,6940590e701e2f002a67a6d3,arun-kumar-arora,IN
6942bf384d9d28002aea93b8,Opened,TREATED,6932d7bb64537a0011841258,spencers.sg,SG
6942bf384d9d28002aea93b8,Opened,TREATED,696740690a8396001f8e025a,brand-emporium-company-limited,HK
694390f04d9d28002a0287b6,Delivered,TREATED,69eaf5288e47f9002b56d5f7,kristalglobe-ltd-dqcghh,GB
69490e5c996277001f072416,Opened,TREATED,69490e5c996277001f072456,behrang-ravari-and-ehsan-ravari,AE
69490e5c996277001f072416,Opened,TREATED,6a69bce130dbd6002d6a9503,behrang-ravari-and-ehsan-ravari-16pnb2,AE
695235584fd25a001128b695,Delivered,TREATED,695235a69d1b1200182fb20e,rex-band,TZ
695235584fd25a001128b695,Delivered,TREATED,69ef86e47ce6e70019d5c23f,jamal-mbwambo,TZ
695b64646f00d5001fd0937e,Added to Control Group,CONTROL,695b65da6f00d5001fd1bb59,rohit-kumar-invention-destroy,IN
695ca822efe14e0018f2828e,Opened,TREATED,695ca823c03586001fda5bca,adexa,IN
695ca822efe14e0018f2828e,Opened,TREATED,69e26a660407760020338271,vittipanya,IN
695e30709dd707002acf27ed,Added to Control Group,CONTROL,695e31251bf7da001fd51164,wakilak-luxury-bozrok,AE
695e30709dd707002acf27ed,Added to Control Group,CONTROL,6979e6304b4c32001f9277fa,wakilak-llc-fz,AE
69612da3ad0bf400113145d0,Delivered,TREATED,69612f4dad0bf4001131adf4,intellect,ZA
6965f2349efe82001f8b71e9,Delivered,TREATED,6965f2358e187a0011f08f3c,homegrid,IN
6965f2349efe82001f8b71e9,Delivered,TREATED,6a7afaea57604d0012a3885f,cargenie,IN
6967a70afd20d100114ee1f8,Opened,TREATED,6967a7491dbfd70018095c0d,ivory-peak-media,IN
6967caec1dbfd700180fd5b5,Delivered,TREATED,6967caec1dbfd700180fd5c9,destinographicstore,MY
696f863dad73aa0011b62e9a,Opened,TREATED,696f8675cbb6e7002a0f2364,abdul-rouf-coach-fb8m32,IN
696f8adfd28612001f97736b,Delivered,TREATED,69863e5d3f41b1001114cbda,quadraa-marketing,MY
696f8adfd28612001f97736b,Delivered,TREATED,6a79da9ceab9ea0019946b68,muhammad-idzhar,MY
69711975f26a0a0018d3f459,Opened,TREATED,69711a074c34aa002a938a81,wswebsolution-88ecfg,PK
697b65ca44e0fb0026467e29,Delivered,TREATED,697b665ff751da0011f1e322,digital-uturn,AE
697b65ca44e0fb0026467e29,Delivered,TREATED,6a4bda8400eca60012b1a533,naieco-mart,AE
697b65ca44e0fb0026467e29,Delivered,TREATED,6a7b380820d6df0019f49c21,naieco-e-mart,AE
698237009b786a001f39b55a,Delivered,TREATED,698237019b786a001f39b577,h5-trading-co-llc,AE
6982ecea4e0deb001fdfa9d0,Delivered,TREATED,6982ed3823c367002a42315c,magnificatstudios,IN
6983604855cda8002a102250,Opened,TREATED,69836bea23c367002a869bf2,al-ensiab-tailoring-ws,AE
69845f5376230f001ff09988,Opened,TREATED,69845fcb9c59ee002651e091,aanda-endeavor-enterprise,MY
69884ff8741dcb002adf30f9,Added to Control Group,CONTROL,69a2e787a72aaa0026ed428e,sawaid-najjar,SA
698cc917ffcf6d002a43f8bf,Failed,TREATED,698cc960cfe00c00112a1779,velocyverse,IN
6992c899f3897c001f587375,Delivered,TREATED,6992c89abc7d3800118002d2,luxol-candle-co,LK
69948960bc7d380011022e8a,Added to Control Group,CONTROL,69948993bc7d380011023aaa,bongani-dube,ZW
69948960bc7d380011022e8a,Added to Control Group,CONTROL,69b03905536a9700127e7476,citiguard-2a8rb7,ZW
69948960bc7d380011022e8a,Added to Control Group,CONTROL,69d8a77815a5a80019ae63be,rocs,ZW
69948960bc7d380011022e8a,Added to Control Group,CONTROL,6a1e8e400816c6002094b02d,vibrant-studio,ZW
6996f2b4c0a521002a05b66a,Added to Control Group,CONTROL,6996f2b746f44a0018fd9d66,elenikay-limited,GB
6996f2b4c0a521002a05b66a,Added to Control Group,CONTROL,6a6c83166744290012d0fdb4,adrian-keogh,GR
699c435bc05966001fb98173,Delivered,TREATED,699c435dda6aea0018c02942,umed-electronics-pvt-ltd,IN
699c435bc05966001fb98173,Delivered,TREATED,69e46f40f8a7040019de8f21,konyak-traders,IN
699d5485277bc4001f7b99ff,Failed,TREATED,699d54f5a599620011f24778,chartered-accountant-n53iy3,IN
699d5485277bc4001f7b99ff,Failed,TREATED,69a7e311436c2b0027b9f20c,haryana-marble,IN
699d5485277bc4001f7b99ff,Failed,TREATED,6a72de93ec79f100215cab2a,ms-wani-dry-fruits,IN
699d5485277bc4001f7b99ff,Failed,TREATED,6a72e0735861b3001218b27e,safawi-foods,IN
699ef3d1efdd970011729aa1,Delivered,TREATED,6a460498a6796b00200630e4,simon-styles,KE
69a2889a11ba940018b20e2c,Opened,TREATED,69a2889a11ba940018b20e5a,pallavi-yk,IN
69a3f2c95a9609001f627ce8,Opened,TREATED,69a3f30583b86c0011a0d7dc,circumsmart-africa,KE
69a74039b15e5a001f7baa71,Added to Control Group,CONTROL,69a7403b4412130019980b25,trisoul,KE
69ab1f97a727fe00126518bd,Added to Control Group,CONTROL,69ab1f54792d030020aeabfe,ssdn-center-of-advance-technologies-private-limited,IN
69c235956a978d002b79553f,Added to Control Group,CONTROL,69c2366ea2a6530019ad3799,qadree-traders,IN
69c28d51a42f130019e16b51,Delivered,TREATED,69c28f907c559e00120f8bed,vadim-zagorodnii,GE
69c3a20447262a00199a2777,Delivered,TREATED,69e8807ca699c80020f26212,as-tech-solutions-m3oyfe,PK
69c3a20447262a00199a2777,Delivered,TREATED,6a82a7ac67e5e30012f85986,qasim-traders,PK
69c3d5fcbc299500195c6d39,Added to Control Group,CONTROL,69c3d631bc299500195caced,bhagya-shree-54zz1w,IN
69c44ebbe44ae60020600d8d,Delivered,TREATED,69c44f95fede4a00123ff2b4,thirteen-universal-limited,NG
69c4ee1b5a716400206de243,Opened,TREATED,69c4ee1d5a716400206de37e,jkm-painting-and-decorating,GB
69c4fb4079919c0012d766eb,Opened,TREATED,69c4fb4079919c0012d766f7,tuck-chang-electrical-and-air-cond-services,MY
69cfab743f400d0019a96a42,Delivered,TREATED,69cfabc63f400d0019a98df0,imfura-tech-labs-ltd,RW
69d30ead51846d0012efd4f6,Delivered,TREATED,69d30eaedafc0a0012f4b579,the-thinking-cloud,IN
69d4e2308ed2ae0020dba868,Delivered,TREATED,69d4e279c69f9100193e4046,yoo-boba,LK
69d6b8678ed2ae002064ecd5,Failed,TREATED,69d6b86a7dd318002b07fb30,syed-muhammad-baqir,PK
69d7673702034d001f6973fc,Added to Control Group,CONTROL,69d767acd26b9c002059f34e,chamunda-tiles-and-bathware-zzar15,IN
69d7673702034d001f6973fc,Added to Control Group,CONTROL,69e8b981c8115d0020280690,techno-india-pvt-ltd,IN
69dd3ad852d92b002b4d0d12,Added to Control Group,CONTROL,69dd3ad852d92b002b4d0d1e,stag-security-limited,GB
69de7b8b6ef8ea001265b3b4,Delivered,TREATED,69de7bda6ef8ea001265b93d,curtec-technologies-private-limited,IN
69df96bc4c88f40019d00b28,Delivered,TREATED,69df96bc4c88f40019d00b34,team-nehin,IN
69e0e73d9d1793002b77e070,Delivered,TREATED,69e0e73f9d1793002b77e181,nexusrun-logistics,KE
69ee28f77ce6e70019894756,Delivered,TREATED,69ee29715796b3002bbcb328,prime-wave-digital,PK
69f200d4377748002018de7f,Opened,TREATED,69f200f65f516800122a6baf,final-century-vi5ebw,MY
69f21b7f37774800202220dd,Added to Control Group,CONTROL,69f21bf57ce6e70019939f40,abs-tandt,BD
69f21b7f37774800202220dd,Added to Control Group,CONTROL,6a2768df4beee40031e4a2b2,abs-travels-and-tours-sezkmi,BD
69f2e1b937774800203b614d,Delivered,TREATED,69f2e1f737774800203b7515,pratik-oli-eo3kmt,NP
69f2e6e9ac7b91001235bbd0,Opened,TREATED,69f2e7a5ac7b910012362cd8,nextenvision-digital,IN
69f9a2ef92c94900190f672b,Delivered,TREATED,69f9a2f01c0030002084c023,flash-group,QA
69f9a2ef92c94900190f672b,Delivered,TREATED,6a69e581895d330019eb5c38,flash-international-transport,QA
69f9a2ef92c94900190f672b,Delivered,TREATED,6a69e6ef2c59e20013cda093,flash-rent-a-car-and-limousine-wll,QA
69f9e7fa65b8d2002b11dce2,Opened,TREATED,69f9e7fba98ef40012606beb,abhin-soniminde,CA
69facc2465b8d2002b2cf6bf,Delivered,TREATED,69facc9abe1f11002b8ca77f,kumarakulasingam-rajanathan-mhgbwh,LK
69fb3c0e57c1e600126aa24a,Delivered,TREATED,69fb3c0e57c1e600126aa25c,hmi-commercial,AE
69fb4f53be1f11002bd21b40,Delivered,TREATED,69fb4f53be1f11002bd21b60,omkar-kalyan-gadkar,IN
6a0f4eb1d5dc8c00120f9b91,Delivered,TREATED,6a0f4f83d5dc8c00120fb2b0,edarcon-contracting-company-llc,SA
6a101ad1a66b6c002166791c,Delivered,TREATED,6a101cd5854bfa002d167bd8,alex-auto-mechanic,NG
6a101ad1a66b6c002166791c,Delivered,TREATED,6a228005454c6b002d8d17d7,prenoni-global,NG
6a101ad1a66b6c002166791c,Delivered,TREATED,6a79e35cd61f31002d15da75,delstar-integrated-global,NG
6a1423760b27f80021fb9338,Opened,TREATED,6a142379e342fe001963f457,ogical-services-limited-omzfra,KE
6a1423760b27f80021fb9338,Opened,TREATED,6a2bbad334698e0031c28776,rirko-enterprise-limited,KE
6a1423760b27f80021fb9338,Opened,TREATED,6a38f0f7c5bb600019274d59,leuville-enterprise-limited-2r411k,KE
6a16c944064c040020a7699d,Opened,TREATED,6a16cb7ed4d18b0011301230,bsb-kanaalweg-bye-boerdery,ZA
6a19241ce70ba9002b803331,Delivered,TREATED,6a192552a8a84c0018d21141,mayasari,ID
6a1d3e004b7466002c2f1981,Opened,TREATED,6a1d3e74e03c6500219ff9bf,anjei-holub-individual-entrepreneur,GE
6a1d6c4a0816c6002057cd4c,Opened,TREATED,6a1d6c4a0816c6002057cd70,allianzsync-information-technology-services-llc,AE
6a1d8b454b7466002c5abecb,Added to Control Group,CONTROL,6a1d8f0b96c115002d1fe565,business-and-solutions-company,SA
6a1fb27b04a0e00018745047,Opened,TREATED,6a1fb2f1630c880011e6aac9,valencia,IN
6a2002c20816c6002006e70d,Opened,TREATED,6a2002c20816c6002006e745,mm-air-conditioning,ZA
6a227e40dc87740012a542d5,Delivered,TREATED,6a227e42029cf60018dbb1ff,wikiteq-solutions-tkf248,KE
6a22b2c5c757200019b2bf77,Delivered,TREATED,6a22b30b20566e00196e5d3a,als-handyman-services-96pzn3,ZA
6a26d6470f373a00193bf69f,Delivered,TREATED,6a26d6a3b2b0f20019bee0c8,premidis-cosmetics,CD
6a26d6470f373a00193bf69f,Delivered,TREATED,6a26deeb23ace00020d3dbc6,etg-curechem-zambia-limited,ZM
6a2a5127f0612d002d2e0e3a,Added to Control Group,CONTROL,6a2a51c3f0612d002d2e6d3c,www.lumiereseeds.com,US
6a2bd58b78a48e0022490620,Sent,TREATED,6a2bd58c78a48e002249062c,swivel-link-systems-limited,ZM
6a2bd58b78a48e0022490620,Sent,TREATED,6a4e16e05b3762002de0ded9,lead-first-enterprises,ZM
6a2d55f69781f200214d22cf,Delivered,TREATED,6a2d59169781f200214dd9bd,dr-zeeshan-tariq,PK
6a32782f0954050019e6fa86,Opened,TREATED,6a327997e067bb00122908c7,rofhiwa-machebe,ZA
6a3307d4427b16002c5be128,Sent,TREATED,6a330801427b16002c5be23a,falling-leaves-lodge,BZ
6a34dbbb92394b0025f202b6,Delivered,TREATED,6a34dbfb92394b0025f2206b,jewel-mae-coloyan,PH
6a36691091c3b90019f50f05,Delivered,TREATED,6a36691191c3b90019f50fd3,asha-devi-bora,IN
6a37b90b565b2e0019d61050,Added to Control Group,CONTROL,6a37c28e0c243800123af16d,flyvaly,BD
6a37b90b565b2e0019d61050,Added to Control Group,CONTROL,6a37db02c5bb600019fc22f6,bsra-travel-and-tour,BD
6a37d2900c243800123db979,Opened,TREATED,6a37d2900c243800123db987,araf-shoes,BD
6a390d21478d8c002d1e439a,Opened,TREATED,6a390d57d8953e002154c98d,fawad-khan-uwqsj6,US
6a392c0deeaa1000250855e9,Delivered,TREATED,6a392c0e0c243800128f9a7b,beauty-treatz,LK
6a3b9c62ff3c15002d695a59,Delivered,TREATED,6a3b9da6d8953e0021f9c94d,roi-hunt-private-limited,IN
6a3b9c62ff3c15002d695a59,Delivered,TREATED,6a3ba91e478d8c002dcbbe4a,abhay-singh-roi-hunt,IN
6a3bdcd731016b002f902ecc,Delivered,TREATED,6a3bdcd99e4557002015c443,phylips-and-jays-shop,KE
6a3d200ccb6c410021a847fd,Delivered,TREATED,6a3d2043775dd000124bb16b,aabir,US
6a3dfbc019b3640021fcc991,Added to Control Group,CONTROL,6a3dfbc019b3640021fcc99d,cdr-writers-australia,AU
6a42005b1ddddd0012d7548b,Delivered,TREATED,66642d76e53a170012be7d2b,automatrix-engineering,PK
6a42005b1ddddd0012d7548b,Delivered,TREATED,6a5e1c43ea5ee70019ee0bce,brilliant-engineering-company-dg73c3,PK
6a42005b1ddddd0012d7548b,Delivered,TREATED,6a79e89bd61f31002d170c3a,al-fajar-and-co,PK
6a43a2acc85b51002de382bd,Delivered,TREATED,6a43a2acc85b51002de382c9,ajwa-transport,AE
6a4400d6616acf00193bd890,Delivered,TREATED,6a4400d6616acf00193bd8a1,dgfd-qikmho,GB
6a44c726ef67a500190cfb6c,Delivered,TREATED,6a44c7a21612ae00121bad81,zellic-business-solutions-6e7sxz,KE
6a47bd22a3a7a5001287a2b7,Added to Control Group,CONTROL,6a47c1d52be3fb0012cd6fe0,steclariu-remus-marian,GB
6a47bd22a3a7a5001287a2b7,Added to Control Group,CONTROL,6a7476a4074a960012d3b5b4,remy-trans-ltd,GB
6a49ee16114bfb00204e4337,Added to Control Group,CONTROL,6a49ef4dd0b09f003240ab31,global-innovation-technology-platform,MY
6a4ca55b54a8890021dd8d85,Delivered,TREATED,6a4ca55c00eca60012d3aa0e,techbox-aloffh,BD
6a4de15c8d5ddf0012befbc5,Opened,TREATED,6a4de1eecb111a002d60b7fe,avara-journeys-pvt-ltd,LK
6a4f68d36849580019afb568,Delivered,TREATED,6a4f6907549a8200196da76f,geek-squad-oiqrs4,US
6a50cb3214c223001205e31f,Opened,TREATED,6a50cb3214c223001205e33e,reakgona-pty-ltd,ZA
6a50cb3214c223001205e31f,Opened,TREATED,6a71b7eb39b4bd0019e3f5bb,lnm-hydraulics-pty-ltd,ZA
6a51175b4b0a1a0019db0bc3,Delivered,TREATED,6a51191a6f05510012e66728,altis-management-company,IN
6a5354340c1298001205bcb0,Delivered,TREATED,6a53546f40c60a00208d0c64,vincenzo-locatelli,IT
6a5367a4d0b274002155bdf1,Delivered,TREATED,6a5367db62896f002dbc60c0,obaida-q-dot-co-establishment,SA
6a539b133b570000194cb572,Opened,TREATED,6a575f0956e1ac002d257bc7,dorn-gadgets,UG
6a550df0d0b2740021c3a755,Delivered,TREATED,6a671a505ca06e0031f35fad,faisal-emad,SA
6a555e16c803e7001937cbee,Delivered,TREATED,6a5566253b57000019c23daa,fs-containers,ZA
6a55ad603b57000019c6380c,Delivered,TREATED,6a55ada8c803e700193bab7f,jk-supplier-hub,IN
6a5699731fbb580019a2be21,Delivered,TREATED,6a5699d2fbb6440012d90383,tax-mate-265h63,PK
6a581bf0e5f0860021f1c02c,Added to Control Group,CONTROL,6a581bf1e5f0860021f1c038,randm-dfw-inc,US
6a5875b5d193ab003125713b,Added to Control Group,CONTROL,6a587b62ba0cbb00192b7d39,fonoenergy-general-trading-llc,AE
6a5958c0ba0cbb001974a616,Delivered,TREATED,6a5958c2ba0cbb001974a633,wesson-dermatology,US
6a5a102d2092e400191e02b4,Failed,TREATED,6a5a106e5e58e70021f16368,coanmo-ventures-limited-4o1tmi,KE
6a5caceaea5ee700199da31b,Delivered,TREATED,6a5cacebde469f001948999f,neowave-enterprise,MY
6a5e335a794021001801fd5a,Opened,TREATED,6a5e335c8d02a50020e6ea46,alejandro-castillo,GB
6a5f5fc875bd3a003168f823,Opened,TREATED,6a5f5fca6140f20012cbb730,livingroom-riyadh,SA
6a5fac42656bb800122f8b89,Added to Control Group,CONTROL,6a5fac44fcaaa700200363dd,okata-multimedia-and-events,GH
6a602aab75bd3a0031881d79,Added to Control Group,CONTROL,6a602aab75bd3a0031881d85,dng-electrical,MY
6a60767ffcaaa70020258385,Opened,TREATED,6a60ab6278e5700012ce0ce5,mesktomo-international-limited-om9qxo,NG
6a60767ffcaaa70020258385,Opened,TREATED,6a627e010710f3002032ff6f,mesktomo-ventures,NG
6a609740f4b5a40031ba955f,Delivered,TREATED,6a609741f4b5a40031ba958f,laptop-seller-har2h6,NO
6a609740f4b5a40031ba955f,Delivered,TREATED,6a675700a104da0019ac98d0,laptop-buyer,NO
6a60ce849fb7560031dabbc7,Delivered,TREATED,6a60d22357324800194e086c,golden-memories-events-ltd,KE
6a60ce849fb7560031dabbc7,Delivered,TREATED,6a7214d1717698002d26eb6b,minika-events-ltd,KE
6a60f59f573248001953b158,Delivered,TREATED,6a60f5a0573248001953b2dd,vladyslav-zadniprenko,ES
6a60f59f573248001953b158,Delivered,TREATED,6a75a6a97a4b96002c74fe5c,jiande-city-silibase-import-and-export-co-ltd,CN
6a60fb4b573248001954b673,Delivered,TREATED,6a60fb4b573248001954b67f,pharma-herbs,BD
6a614125f82d5600217e96de,Added to Control Group,CONTROL,6a614125f82d5600217e96ee,al-israa-trading-llc,AE
6a620075d401fb0019c319f5,Delivered,TREATED,6a6200b6658b71001240064c,dennis-1rc3rn,AL
6a628e0f658b7100125de2cc,Delivered,TREATED,6a628e539e2b4a001214398b,ad-limited-axi9kg,US
6a62f6341f6b7a002dd38736,Opened,TREATED,6a62f6a39e2b4a00121cb75f,kojima-recordings-inc,JP
6a62fb109e2b4a00121e9f26,Delivered,TREATED,6a62fbc92ba8a40031b6bd80,shrkh-qwh-alslabh-llsnaah,SA
6a62fb109e2b4a00121e9f26,Delivered,TREATED,6a6c0ff8c2a33b0019267564,shrkh-njwm-alywm-altjaryh,SA
6a63756f81378600127b9c44,Opened,TREATED,6a637570803f9a002cc0d0fa,mnb-merchandise,PK
6a66b48f8137860012ef0f0f,Opened,TREATED,6a66b490b8c11b00197bfbe4,cash-for-iphones-eugene,US
6a66fd4fab2ddb0012050647,Delivered,TREATED,6a66fd8c80aa2e00210d0327,epic-tools,IN
6a67dea5ab2ddb00124e9caf,Opened,TREATED,6a67e0fdf25e0e00121c4995,detail-drips,NZ
6a687b704509f20025c0b492,Delivered,TREATED,6a687bdda104da0019ea1e38,optima_care-consulting,NG
6a6891715ca06e00315ba93f,Delivered,TREATED,6a6891745ca06e00315baad0,syed-ahad-ali-vt54f3,PK
6a689bdcd6fbed002d939019,Added to Control Group,CONTROL,6a689bdcd6fbed002d939025,sky-sunton-general-trading-llc,AE
6a68b45a4509f20025dcda7b,Added to Control Group,CONTROL,6a68b525da7e4d0021129b30,key-2-africa-tours-and-safaris,TZ
6a68e61d5ad33a00328f9687,Opened,TREATED,6a68e61e30dbd6002d4129bd,lotfi-merad-car-rental,AE
6a68f39f5ad33a0032910e20,Failed,TREATED,6a68f3a160788e0025e919cb,mbazini-carpentry-projects,ZA
6a692c36895d330019ad6e6f,Opened,TREATED,6a692cb7da7e4d00211fc157,vartiyas-caterer-and-resturent,IN
6a692c36895d330019ad6e6f,Opened,TREATED,6a6fd155af4225002de5ecf2,parveen-industries-private-limited,IN
6a696d72da7e4d0021225651,Opened,TREATED,6a696e1430dbd6002d47087d,advanced-hair-transplant-specialist-sdn-bhd,MY
6a6978e430dbd6002d481927,Opened,TREATED,6a697937895d330019b011df,advanced-mens-health-centre-sdn-bhd,MY
6a697b3e30dbd6002d4857ef,Added to Control Group,CONTROL,6a697b93b42e550012c622a9,advanced-aesthetic-specialist-sdn-bhd-ciudn2,MY
6a69b6ad77101e001ab5d465,Opened,TREATED,6a69ba252c59e20013b3f6bf,lai-kim-jong,MY
6a69b6ad77101e001ab5d465,Opened,TREATED,6a69c8985ad33a0032c0a370,fujin-forwarding-agency,MY
6a69fc5b2c59e20013d750a4,Failed,TREATED,6a69fcb95ad33a0032df2740,mallak-hamed-falah-shamri-for-general-cont-est-mussh-mlak-hmd-flah-alshmry-llmqawlat-alaamh,SA
6a6a0b1960788e002538d47d,Added to Control Group,CONTROL,6a6a0b1a5ad33a0032e38175,rnj-rental-services,PH
6a6a145977101e001adecee7,Delivered,TREATED,6a6a1484da7e4d0021712425,payment-success,US
6a6a29fa5ad33a0032ec88e0,Opened,TREATED,6a6a29fb5ad33a0032ec88f2,sa-decoration-lited,GB
6a6a679f77101e001ae65b47,Opened,TREATED,6a6a67a12c59e20013e5523d,md-electrical-and-electronic,KW
6a6a679f77101e001ae65b47,Opened,TREATED,6a6adb4d2c59e20013ec7a27,al-awael-co,KW
6a6ac3deb42e5500121a842b,Opened,TREATED,6a6ac42c77101e001ae96970,advanced-bone-joints-health-centre-sdn-bhd,MY
6a6aeb4430dbd6002db0bbf3,Delivered,TREATED,6a6aeb47895d33001915da1a,q-devs-pvt-ltd,PK
6a6b0a2a60788e0025673dcc,Opened,TREATED,6a6b0a2a60788e0025673deb,apex-cipher-technologies,IN
6a6b10452c59e2001308f23d,Delivered,TREATED,6a6b1046b42e5500123916bb,falcon-wealth-management-fzco,AE
6a6b10452c59e2001308f23d,Delivered,TREATED,6a74311e212adc001286243f,noor-alfatima-foodstuff-supply-services-co-llc,AE
6a6b2f83da7e4d0021b120f2,Opened,TREATED,6a6b2f85b42e5500124ba293,zahidtanveer,IN
6a6b2f83da7e4d0021b120f2,Opened,TREATED,6a706e75717698002da29047,ams-catering-service-shifa-medical-centre,IN
6a6b55d65fe68900314be51f,Delivered,TREATED,6a6b56116199a2002e4ff3c8,mussh-mfhwm-alttwyr,SA
6a6b55d65fe68900314be51f,Delivered,TREATED,6a7c8a2a20d6df00194b6c0a,shrkh-alaqh-lkhdmat-alaamal,NL
6a6b9cc0ff3dbe0021f64b1c,Added to Control Group,CONTROL,6a6b9cc0ff3dbe0021f64b28,mohammad-kazim-art,AE
6a6bab1cc2a33b001923d8ac,Queued,TREATED,6a6babe5c1d1570012708fc6,cabinets-by-springfield,US
6a6be29c20a2c00019f5c270,Opened,TREATED,6a6be3234b628300120a690c,s90-sport-h3uwkb,SA
6a6c806fd928b80019042af5,Delivered,TREATED,6a6c80706744290012cedf3a,otomation-max-electronincs-trading-llc,AE
6a6c8cc5d1345b0025fa98ef,Delivered,TREATED,6a6c8cc64ee85b003189d81b,tukitaki,BD
6a6cacfde1514f00219bdeea,Added to Control Group,CONTROL,6a6cad016744290012ea3a8b,aynoor-collection,PK
6a6cbb146744290012ed57e7,Opened,TREATED,6a6cbb156744290012ed5833,pak-yuu-kopitiam,MY
6a6ccb28fa2db0002db9e489,Delivered,TREATED,6a6ccb8cfa2db0002db9f503,aama-trading-company-1i55zk,IN
6a6cec060aee4400195d0547,Added to Control Group,CONTROL,6a6ceee9d1345b0025149b9e,smart-tech-it-bd,BD
6a6cec060aee4400195d0547,Added to Control Group,CONTROL,6a6cf36dd20dd20012ab31a0,smart-tech-it-bd-qbwajm,BD
6a6d60350aee440019664e94,Delivered,TREATED,6a6d60524ee85b0031a92f6e,etsy-support,IT
6a6dc93f0aee4400198cefc1,Delivered,TREATED,6a6dc93f0aee4400198cefd2,gara-consultancy,KE
6a6e0906717698002d4176d0,Added to Control Group,CONTROL,6a6e0998ec79f100216056a8,shrkh-maalm-altaj-lltjarh,SA
6a6e0906717698002d4176d0,Added to Control Group,CONTROL,6a819cd19c8ffd0019a35f53,shrkh-nsr-had-llkhdmat-altjaryh-28i6al,SA
6a6fd3c4ec79f1002184233f,Delivered,TREATED,6a6fd40d3d966d0019f2354a,etsy-b9bk1r,CA
6a702e258050bc0012e2a7e5,Added to Control Group,CONTROL,6a702e27ec79f1002191f453,lupeg-lubricants-and-grease-manufacturing-llc-gkytnf,AE
6a703d8f26ca9200198d2d57,Delivered,TREATED,6a7057ac5861b30012611f39,snow-village-refrigeration-llc-e3rvvr,AE
6a70493a3d966d00191053db,Opened,TREATED,6a70493c3d966d0019105548,pension,UA
6a7083ae3d966d001934a996,Opened,TREATED,6a7083ae3d966d001934a9b4,wreck-or-mend-panels,AU
6a709203717698002db8bd70,Added to Control Group,CONTROL,6a709258af4225002d305b53,sixstars-mcdf9r,US
6a7167da3d966d0019502820,Added to Control Group,CONTROL,6a7167da3d966d0019502831,east-star-handlooms,LK
6a71686644213b189528093e,Opened,TREATED,6a7168c544213b1895282fb2,singko-printing-services4-prince,PH
6a71b911617d8800207d3a95,Delivered,TREATED,6a71b9255861b30012c5868c,sppg-kamulyan-iii-perbutulan-jxrmt7,ID
6a71c3fdec79f100211721d3,Opened,TREATED,6a71c3fdec79f100211721e4,furniture-lanka,LK
6a71eebb717698002d1d0fc2,Delivered,TREATED,6a71eefb617d8800209ab26f,finest-gem-lab,LK
6a72d6e9617d880020c8a653,Added to Control Group,CONTROL,6a72d74144213b18959d04c2,iconcrest-general-merchants-ltd,KE
6a74780d074a960012d46063,Added to Control Group,CONTROL,6a74785a074a960012d49958,adam-smith-ru2fzy,US
6a75a7d5074a9600120f8c21,Delivered,TREATED,6a75a85f6d7c52002134e839,ms-mahadev-modern-computer-institute,IN
6a76160556da1b00126f82c0,Delivered,TREATED,6a76160764f9e50217529f17,abdullah-store,PK
6a76caae64f9e5021760c0e6,Delivered,TREATED,6a76caaf640d890019bf1e35,fajr-althuraya-company-for-trading,SA
6a770b1164f9e502177ad1df,Added to Control Group,CONTROL,6a770b86640d890019d9ae6b,nexalink-corporate-supplies-private-limited,PK
6a7a5e1f20d6df0019a97446,Opened,TREATED,6a7a5e1f20d6df0019a97452,kameez-lab,PK
6a7ab3fa20d6df0019b332d6,Added to Control Group,CONTROL,6a7ab4b420d6df0019b39fcc,laravina-llc,US
6a7ad651a394d5002158456c,Added to Control Group,CONTROL,6a7ad8ca0720830021a99f2c,churros-cafe-llc,AE
6a7b6f1e20d6df0019fc54bc,Delivered,TREATED,6a7b6f1e20d6df0019fc54c8,jabara-ent-ioi865,ZW
6a7b757c20d6df0019fc9489,Delivered,TREATED,6a7b765957604d0012c588b6,baby-naz-trading,SA
6a7b757c20d6df0019fc9489,Delivered,TREATED,6a7b911ca394d50021937b2a,smart-pwh134,SA
6a7b757c20d6df0019fc9489,Delivered,TREATED,6a7e2a06ec3f0d0032522424,world-land-mark,SA
6a7c6ceaa394d50021d7ce53,Opened,TREATED,6a7c6ceda394d50021d7cf79,samcon-technical-service-fze,AE
6a7ddb8d0bdbb0001316e333,Delivered,TREATED,6a7ddbbaec3f0d00324c7676,invoice-dexmqb,US
6a7ddb8d0bdbb0001316e333,Delivered,TREATED,6a7dfbbcec3f0d00324f41e0,alex-richard,US
6a8065effcbce30021573880,Delivered,TREATED,6a80681219bfff002166638f,altex-artificial-intelligence-developing-services-llc-48k7rq,AE
6a806bc9b7fecb00125bf482,Delivered,TREATED,6a806bcafcbce30021587a2f,bites-and-bubbles,MY
6a822461fcbce30021789c36,Queued,TREATED,6a8224dcb7fecb00127d31f5,marrij-pro-ltd,GB
6a82fb958024e7002cea4116,Converted,TREATED,6a82fbcc16d50f0019d77a9a,md-ibrahim-7xf8yn,BD
