userId,status,group,businessId
5ecb9e0e4d1c3a6e9e6e7c04,Delivered,TREATED,5ecb9e7d4d1c3a6e9e6e7c36
5ecb9e0e4d1c3a6e9e6e7c04,Delivered,TREATED,6995a6c5d09dc0002a0ebb65
5ecb9e0e4d1c3a6e9e6e7c04,Delivered,TREATED,6a3953c5d8953e002172e633
604e010cad85d40018fa3a2a,Clicked,TREATED,604a53bec7902c00121a0a5b
604e010cad85d40018fa3a2a,Clicked,TREATED,69a1646283b86c00112e7f77
60de9e62d77def001806668a,Failed,TREATED,60de9e62d77def00180666a1
60de9e62d77def001806668a,Failed,TREATED,61694e1a4c822e00124d11c5
60de9e62d77def001806668a,Failed,TREATED,63ea71811abdd5001262e149
60de9e62d77def001806668a,Failed,TREATED,66a9faf4b71c720019c21b3d
62188a70c8d604001314b43a,Opened,TREATED,62188a70c8d604001314b44c
62188a70c8d604001314b43a,Opened,TREATED,65814347a6030900122cc11c
621c7858cfe6f200125097d3,Delivered,TREATED,621c7bf0f3583f001529a72c
621c7858cfe6f200125097d3,Delivered,TREATED,6528d5cc2ae76e001249cb1c
621c7858cfe6f200125097d3,Delivered,TREATED,694e4e81f48c8300114b0628
621c7858cfe6f200125097d3,Delivered,TREATED,6958ccca9d1b120018afb2ac
62692be460d1f400136ced64,Delivered,TREATED,62692fa660d1f400136d246b
62692be460d1f400136ced64,Delivered,TREATED,6269329d87150300135f529d
62692be460d1f400136ced64,Delivered,TREATED,6309eaa9b06cdb0012f7bf78
62e4e888d85fdc0019fd0d25,Added to Control Group,CONTROL,62f35806a42a2000144cb6cb
62e4e888d85fdc0019fd0d25,Added to Control Group,CONTROL,64ddad64fe82e6001182b984
62e4e888d85fdc0019fd0d25,Added to Control Group,CONTROL,6645b837902993002b9fc674
62e4e888d85fdc0019fd0d25,Added to Control Group,CONTROL,686cc9de8e81a20053d02531
62e4e888d85fdc0019fd0d25,Added to Control Group,CONTROL,68a587cca49bf20048884f46
6384c05df1316600117803fc,Delivered,TREATED,6384c4e15d23e800125d103d
6384c05df1316600117803fc,Delivered,TREATED,641723986a715800191ce22e
64e32219aa525a0019712d5f,Failed,TREATED,64e0b3ba5e9a24001181a83a
64e32219aa525a0019712d5f,Failed,TREATED,64e32601b34d3f0019fa548d
64e32219aa525a0019712d5f,Failed,TREATED,65210d14741bf20012214e9d
64f730d0ff095e00129da4f6,Opened,TREATED,64f730d0ff095e00129da507
64f730d0ff095e00129da4f6,Opened,TREATED,69aecc05f9ba93002b164270
64f730d0ff095e00129da4f6,Opened,TREATED,6a6c847fd1345b0025f27dc8
660b6792ab60b600194e063f,Opened,TREATED,660b67ea531db10077a0bf2b
660b6792ab60b600194e063f,Opened,TREATED,68e67b945672f20012fba4fd
668189d4b985a3008dce75f1,Delivered,TREATED,66818a01ff483400ae50ef57
668189d4b985a3008dce75f1,Delivered,TREATED,67dced7bb335820027e1072c
668189d4b985a3008dce75f1,Delivered,TREATED,682042d11b6b4f0020fbe623
668189d4b985a3008dce75f1,Delivered,TREATED,695e444ecd040a0018671bca
67e3d9224ef2b9004009684d,Added to Control Group,CONTROL,67e3d9828b89ef0020c13d08
681a564e8d419d0027a86867,Delivered,TREATED,681a564f127632002e9aa79f
681a564e8d419d0027a86867,Delivered,TREATED,6a6b7875c1d15700126bf92e
68244ccda6712a002060323b,Opened,TREATED,68245086b5fbb60012e3e3e3
68244ccda6712a002060323b,Opened,TREATED,69d0bdb351846d0012a7fd29
684fac67ab20120019d70a52,Delivered,TREATED,684fac68c33b950012928fe8
684fac67ab20120019d70a52,Delivered,TREATED,685bb8b16a6149001232996c
684fac67ab20120019d70a52,Delivered,TREATED,693e9190f55f24002aaa6058
6881319797d4700012c4b2d0,Delivered,TREATED,6881337f480ab7003dba382a
6881319797d4700012c4b2d0,Delivered,TREATED,6912da8472a66f0011a9e17f
68bafb8c211ced0032402ff5,Delivered,TREATED,68ebae2044a7bb0019a8c337
68f764b8651e7200123f5ab8,Delivered,TREATED,68f764b8651e7200123f5acc
68f764b8651e7200123f5ab8,Delivered,TREATED,69a5383f4fa2a6001f0f2cb8
691c49818aa466002a74f19f,Delivered,TREATED,691c49b9817879001f0513b5
6940590e701e2f002a67a6c7,Delivered,TREATED,6940590e701e2f002a67a6d3
69490e5c996277001f072416,Opened,TREATED,69490e5c996277001f072456
69490e5c996277001f072416,Opened,TREATED,6a69bce130dbd6002d6a9503
69612da3ad0bf400113145d0,Delivered,TREATED,69612f4dad0bf4001131adf4
69711975f26a0a0018d3f459,Opened,TREATED,69711a074c34aa002a938a81
6996f2b4c0a521002a05b66a,Added to Control Group,CONTROL,6996f2b746f44a0018fd9d66
6996f2b4c0a521002a05b66a,Added to Control Group,CONTROL,6a6c83166744290012d0fdb4
699c435bc05966001fb98173,Delivered,TREATED,699c435dda6aea0018c02942
699c435bc05966001fb98173,Delivered,TREATED,69e46f40f8a7040019de8f21
69a74039b15e5a001f7baa71,Added to Control Group,CONTROL,69a7403b4412130019980b25
69ab1f97a727fe00126518bd,Added to Control Group,CONTROL,69ab1f54792d030020aeabfe
69c28d51a42f130019e16b51,Delivered,TREATED,69c28f907c559e00120f8bed
69c3d5fcbc299500195c6d39,Added to Control Group,CONTROL,69c3d631bc299500195caced
69d6b8678ed2ae002064ecd5,Failed,TREATED,69d6b86a7dd318002b07fb30
69f9a2ef92c94900190f672b,Delivered,TREATED,69f9a2f01c0030002084c023
69f9a2ef92c94900190f672b,Delivered,TREATED,6a69e581895d330019eb5c38
69f9a2ef92c94900190f672b,Delivered,TREATED,6a69e6ef2c59e20013cda093
6a0f4eb1d5dc8c00120f9b91,Delivered,TREATED,6a0f4f83d5dc8c00120fb2b0
6a1d8b454b7466002c5abecb,Added to Control Group,CONTROL,6a1d8f0b96c115002d1fe565
6a227e40dc87740012a542d5,Delivered,TREATED,6a227e42029cf60018dbb1ff
6a3b9c62ff3c15002d695a59,Delivered,TREATED,6a3b9da6d8953e0021f9c94d
6a3b9c62ff3c15002d695a59,Delivered,TREATED,6a3ba91e478d8c002dcbbe4a
6a3bdcd731016b002f902ecc,Delivered,TREATED,6a3bdcd99e4557002015c443
6a3dfbc019b3640021fcc991,Added to Control Group,CONTROL,6a3dfbc019b3640021fcc99d
6a43a2acc85b51002de382bd,Delivered,TREATED,6a43a2acc85b51002de382c9
6a4f68d36849580019afb568,Delivered,TREATED,6a4f6907549a8200196da76f
6a51175b4b0a1a0019db0bc3,Delivered,TREATED,6a51191a6f05510012e66728
6a555e16c803e7001937cbee,Delivered,TREATED,6a5566253b57000019c23daa
6a602aab75bd3a0031881d79,Added to Control Group,CONTROL,6a602aab75bd3a0031881d85
6a60767ffcaaa70020258385,Opened,TREATED,6a60ab6278e5700012ce0ce5
6a60767ffcaaa70020258385,Opened,TREATED,6a627e010710f3002032ff6f
6a60f59f573248001953b158,Delivered,TREATED,6a60f5a0573248001953b2dd
6a60fb4b573248001954b673,Delivered,TREATED,6a60fb4b573248001954b67f
6a62fb109e2b4a00121e9f26,Delivered,TREATED,6a62fbc92ba8a40031b6bd80
6a62fb109e2b4a00121e9f26,Delivered,TREATED,6a6c0ff8c2a33b0019267564
6a66fd4fab2ddb0012050647,Delivered,TREATED,6a66fd8c80aa2e00210d0327
6a6891715ca06e00315ba93f,Delivered,TREATED,6a6891745ca06e00315baad0
6a68b45a4509f20025dcda7b,Added to Control Group,CONTROL,6a68b525da7e4d0021129b30
6a697b3e30dbd6002d4857ef,Added to Control Group,CONTROL,6a697b93b42e550012c622a9
6a69fc5b2c59e20013d750a4,Failed,TREATED,6a69fcb95ad33a0032df2740
6a6b55d65fe68900314be51f,Delivered,TREATED,6a6b56116199a2002e4ff3c8
6a6b9cc0ff3dbe0021f64b1c,Added to Control Group,CONTROL,6a6b9cc0ff3dbe0021f64b28
6a6ccb28fa2db0002db9e489,Delivered,TREATED,6a6ccb8cfa2db0002db9f503
