user_id,user_status,message_status,country,city,scope,sent_date,delivery_date,control_group_date,view_count,view_date,click_count,click_date,failure_count,message_status_time,conversion_count,conversion_date
6a581bf0e5f0860021f1c02c,known,Added to Control Group,,,2f1a7964-713a-499a-a140-3b90b0220c9e,2026-08-18T07:29:25.025Z,,2026-08-18T07:29:25.513000,,,,,,2026-08-18T07:29:25.025Z,,
6a702e258050bc0012e2a7e5,known,Added to Control Group,,,37aebd23-a62b-49cc-8691-ad368ce7687b,2026-08-18T07:19:26.026Z,,2026-08-18T07:19:26.372000,,,,,,2026-08-18T07:19:26.026Z,,
6a34dbbb92394b0025f202b6,known,Delivered,,,4f75cbc8-2b80-4a16-a263-f4bafd2e6273,2026-08-18T05:53:32.032Z,2026-08-18T05:53:33.033Z,,,,,,,2026-08-18T05:53:33.033Z,,
6a6a29fa5ad33a0032ec88e0,known,Opened,,,37de53ca-68bd-4ae7-bdac-60f653d87525,2026-08-18T05:15:57.057Z,2026-08-18T05:15:58.058Z,,1,2026-08-18T07:23:20.020Z,,,,2026-08-18T07:23:20.020Z,,
694390f04d9d28002a0287b6,known,Delivered,,,fc7612ad-0127-4422-b411-15e76ffc1c54,2026-08-18T04:40:54.054Z,2026-08-18T04:40:55.055Z,,,,,,,2026-08-18T04:40:55.055Z,,
647ee8b098e03f0012edc04b,known,Delivered,,,fd1a5010-f684-40fc-984d-0999d9dd5c84,2026-08-18T04:32:29.029Z,2026-08-18T04:32:30.030Z,,,,,,,2026-08-18T04:32:30.030Z,,
6a822461fcbce30021789c36,known,Queued,,,6f82eb04-6179-402f-bd22-88422fe5736c,2026-08-18T00:45:37.037Z,,,,,,,,2026-08-18T00:45:37.037Z,,
6a6bab1cc2a33b001923d8ac,known,Queued,,,f866b9fe-3e5f-4674-b079-b6610c2823bc,2026-08-18T00:45:29.029Z,,,,,,,,2026-08-18T00:45:29.029Z,,
6a3307d4427b16002c5be128,known,Sent,,,6619e922-5a92-4e27-a840-d29cf705b0ae,2026-08-18T00:42:32.032Z,,,,,,,,2026-08-18T00:42:32.032Z,,
6a539b133b570000194cb572,known,Opened,,,606383b5-dd9f-42cf-a123-bbadd2c7f1ce,2026-08-17T12:35:57.057Z,2026-08-17T12:35:58.058Z,,1,2026-08-17T12:36:14.014Z,,,,2026-08-17T12:36:14.014Z,,
6a82fb958024e7002cea4116,known,Converted,Bangladesh,Dhaka,eb9dc511-b4bc-4adc-9c59-a27791e60acc,2026-08-17T12:25:21.021Z,2026-08-17T12:25:35.035Z,,,,,,,2026-08-17T12:35:43.043Z,1,2026-08-17T12:35:43.043Z
68667701cd07e7002e060da1,known,Opened,,,d52a60f0-38b1-436a-a4d0-4e5d61dd08a2,2026-08-17T12:10:26.026Z,2026-08-17T12:10:27.027Z,,2,2026-08-17T22:43:40.040Z,,,,2026-08-17T22:43:40.040Z,,
61ad0dc68677c1001486e478,known,Opened,,,7ec70b93-ce25-4b8f-8393-99ddc10ac225,2026-08-17T11:53:24.024Z,2026-08-17T11:53:26.026Z,,1,2026-08-17T13:52:10.010Z,,,,2026-08-17T13:52:10.010Z,,
6a4400d6616acf00193bd890,known,Delivered,,,542478ef-7c66-487f-aee2-516e65406d18,2026-08-17T11:52:36.036Z,2026-08-17T11:52:37.037Z,,,,,,,2026-08-17T11:52:37.037Z,,
6a6a679f77101e001ae65b47,known,Opened,,,8486c2a7-5591-42a3-ad6a-e0d0ceac52df,2026-08-17T09:59:28.028Z,2026-08-17T09:59:29.029Z,,1,2026-08-17T18:25:18.018Z,,,,2026-08-17T18:25:18.018Z,,
6721bf4e98f9c4004235cc70,known,Added to Control Group,,,715f5d5e-f821-4768-8fa8-fe2c0c2fce7b,2026-08-17T09:00:36.036Z,,2026-08-17T09:00:36.100000,,,,,,2026-08-17T09:00:36.036Z,,
6a68e61d5ad33a00328f9687,known,Opened,,,9128e64f-2603-481a-ab6f-f5ec7f6ccc89,2026-08-17T07:52:56.056Z,2026-08-17T07:52:57.057Z,,1,2026-08-17T07:53:03.003Z,,,,2026-08-17T07:53:03.003Z,,
6a7b6f1e20d6df0019fc54bc,known,Delivered,,,7afa8735-640e-4982-92d6-2c79ec8f4c53,2026-08-17T07:20:46.046Z,2026-08-17T07:20:49.049Z,,,,,,,2026-08-17T07:20:49.049Z,,
6a8065effcbce30021573880,known,Delivered,,,a5d9f280-a447-4b89-a81a-66d85de2fc32,2026-08-17T07:17:27.027Z,2026-08-17T07:17:28.028Z,,,,,,,2026-08-17T07:17:28.028Z,,
69d4e2308ed2ae0020dba868,known,Delivered,,,3abc6bcc-99f3-4515-8da9-230d3766e42f,2026-08-17T06:08:27.027Z,2026-08-17T06:08:28.028Z,,,,,,,2026-08-17T06:08:28.028Z,,
6a709203717698002db8bd70,known,Added to Control Group,,,84bd618b-6fc5-4992-a363-624f7c5036a4,2026-08-17T05:58:29.029Z,,2026-08-17T05:58:29.395000,,,,,,2026-08-17T05:58:29.029Z,,
63f6e308146cc50012009cea,known,Opened,,,7ec4b289-ea96-40ef-b06c-fdef5df23146,2026-08-17T04:23:40.040Z,2026-08-17T04:23:41.041Z,,1,2026-08-17T05:54:16.016Z,,,,2026-08-17T05:54:16.016Z,,
6a6cbb146744290012ed57e7,known,Opened,,,c10640a7-78da-4c32-ad58-9c7d2091787a,2026-08-17T02:53:37.037Z,2026-08-17T02:53:39.039Z,,1,2026-08-17T05:44:42.042Z,,,,2026-08-17T05:44:42.042Z,,
6a806bc9b7fecb00125bf482,known,Delivered,,,baf297dd-b523-46b3-b6c8-bc16b30c59f1,2026-08-17T02:21:26.026Z,2026-08-17T02:21:27.027Z,,,,,,,2026-08-17T02:21:27.027Z,,
67ea34424df83300198b28da,known,Delivered,,,cea03f10-5b55-43a2-bbd4-8b7c1dfc95ea,2026-08-15T04:11:30.030Z,2026-08-15T04:11:31.031Z,,,,,,,2026-08-15T04:11:31.031Z,,
69012b7a576cca00536eb1cf,known,Failed,,,a12df1d7-0157-45ff-8912-49c188bffe21,2026-08-15T03:12:29.029Z,,,,,,,1,2026-08-15T17:12:30.030Z,,
6918687377ffc100184e5694,known,Delivered,,,efaaceee-09c7-4f07-843e-c74c31bdb749,2026-08-14T10:55:30.030Z,2026-08-14T10:55:33.033Z,,,,,,,2026-08-14T10:55:33.033Z,,
6a609740f4b5a40031ba955f,known,Delivered,,,2d301e75-92ee-4db4-9017-2900508cb284,2026-08-14T10:32:12.012Z,2026-08-14T10:32:13.013Z,,,,,,,2026-08-14T10:32:13.013Z,,
6a7ddb8d0bdbb0001316e333,known,Delivered,,,2c77bc94-eaa7-41f8-a57d-288393b518c2,2026-08-14T10:11:27.027Z,2026-08-14T10:11:28.028Z,,,,,,,2026-08-14T10:11:28.028Z,,
670fb4f6610d240027e9f88e,known,Delivered,,,7b32e8b3-0dfd-43e1-a9ae-aa6169752fae,2026-08-14T08:44:26.026Z,2026-08-14T08:44:28.028Z,,,,,,,2026-08-14T08:44:28.028Z,,
6a7b757c20d6df0019fc9489,known,Delivered,,,0566248a-fca8-493a-aa37-d12de2fab09b,2026-08-14T08:35:27.027Z,2026-08-14T08:35:28.028Z,,,,,,,2026-08-14T08:35:28.028Z,,
6a62f6341f6b7a002dd38736,known,Opened,,,aca886df-c3cc-4f5a-b306-cedd913bd698,2026-08-14T08:12:04.004Z,2026-08-14T08:12:06.006Z,,1,2026-08-18T01:43:59.059Z,,,,2026-08-18T01:43:59.059Z,,
6a44c726ef67a500190cfb6c,known,Delivered,,,7a4d0fcc-a152-4fb7-93c5-2fdd1842b38f,2026-08-14T06:12:27.027Z,2026-08-14T06:12:29.029Z,,,,,,,2026-08-14T06:12:29.029Z,,
63eb6476952d6300126ebacd,known,Opened,,,2b40f0e0-50fb-49c1-bb0a-59f9045d1d7e,2026-08-14T05:19:15.015Z,2026-08-14T05:19:16.016Z,,1,2026-08-14T05:19:35.035Z,,,,2026-08-14T05:19:35.035Z,,
67fd86af1285580019c15934,known,Opened,,,fe9c8e51-6e45-4dc0-b95d-64d555d6152f,2026-08-14T05:10:43.043Z,2026-08-14T05:10:44.044Z,,1,2026-08-14T06:18:17.017Z,,,,2026-08-14T06:18:17.017Z,,
61b303468087b100122f17e9,known,Delivered,,,afb695cd-6c27-41d4-b768-dec4f67f1953,2026-08-14T04:51:28.028Z,2026-08-14T04:51:31.031Z,,,,,,,2026-08-14T04:51:31.031Z,,
6a5caceaea5ee700199da31b,known,Delivered,,,3d0c0e46-ca86-4aa0-a06d-7f8fdbaac6c1,2026-08-14T04:10:29.029Z,2026-08-14T04:10:32.032Z,,,,,,,2026-08-14T04:10:32.032Z,,
6a47bd22a3a7a5001287a2b7,known,Added to Control Group,,,dfa19569-194d-461c-b340-74df79449e1f,2026-08-13T18:38:46.046Z,,2026-08-13T18:38:46.456000,,,,,,2026-08-13T18:38:46.046Z,,
67ab2db6a23e66006cb79c4d,known,Added to Control Group,,,64e16e8e-5c7e-4e85-ae71-b9ea052844ee,2026-08-13T13:56:42.042Z,,2026-08-13T13:56:42.740000,,,,,,2026-08-13T13:56:42.042Z,,
67bc6c7f76b3ba0118467647,known,Opened,,,ebc33cba-85c8-47e8-a6ec-43feaba3654c,2026-08-13T09:41:20.020Z,2026-08-13T09:41:21.021Z,,2,2026-08-17T11:55:39.039Z,,,,2026-08-17T11:55:39.039Z,,
6a7ad651a394d5002158456c,known,Added to Control Group,,,295d8243-b386-4ef5-88f4-9c09f242d1ed,2026-08-13T09:27:11.011Z,,2026-08-13T09:27:11.566000,,,,,,2026-08-13T09:27:11.011Z,,
69c4fb4079919c0012d766eb,known,Opened,,,b609b512-e125-45b6-9bdd-cb711e7a5e38,2026-08-13T09:27:00.000Z,2026-08-13T09:27:01.001Z,,1,2026-08-13T09:27:08.008Z,,,,2026-08-13T09:27:08.008Z,,
69fb3c0e57c1e600126aa24a,known,Delivered,,,11d9fdba-ba5e-490f-a0ff-f4a9bfd85ad1,2026-08-13T09:06:04.004Z,2026-08-13T09:06:07.007Z,,,,,,,2026-08-13T09:06:07.007Z,,
68c8e554e03c520019e56561,known,Delivered,,,2721dbe4-440e-4cd9-92ba-c6eb546dcafe,2026-08-13T08:57:17.017Z,2026-08-13T08:57:18.018Z,,,,,,,2026-08-13T08:57:18.018Z,,
6a4de15c8d5ddf0012befbc5,known,Opened,,,1002dcbb-98e0-4e31-90f8-b58d4d855f46,2026-08-13T08:51:08.008Z,2026-08-13T08:51:09.009Z,,1,2026-08-13T12:14:37.037Z,,,,2026-08-13T12:14:37.037Z,,
6a1423760b27f80021fb9338,known,Opened,Kenya,Nairobi,13faf303-ed6b-4b4b-88cf-ffe288c544a3,2026-08-13T08:02:11.011Z,2026-08-13T08:02:12.012Z,,1,2026-08-13T22:11:09.009Z,,,,2026-08-13T22:11:09.009Z,,
65d8ebc5c1abb4001262688b,known,Delivered,,,66ea57d6-200f-49c0-8eb4-1418513be875,2026-08-13T07:40:54.054Z,2026-08-13T07:40:55.055Z,,,,,,,2026-08-13T07:40:55.055Z,,
65b8a10e9f1d41002b6cbc6e,known,Delivered,,,e9a71aa6-0ff7-4d2f-adeb-90c3935e5fe8,2026-08-13T07:01:47.047Z,2026-08-13T07:01:48.048Z,,,,,,,2026-08-13T07:01:48.048Z,,
69c3a20447262a00199a2777,known,Delivered,,,1a5a6538-e550-4dd4-9caf-525e0a8ae3b6,2026-08-13T01:16:17.017Z,2026-08-13T01:16:19.019Z,,,,,,,2026-08-13T01:16:19.019Z,,
6a7c6ceaa394d50021d7ce53,known,Opened,,,c4d3c506-0531-4151-b94d-aa57eed936c0,2026-08-12T13:18:54.054Z,2026-08-12T13:18:55.055Z,,1,2026-08-13T08:36:32.032Z,,,,2026-08-13T08:36:32.032Z,,
698237009b786a001f39b55a,known,Delivered,,,52a68b9c-1e3a-403f-a4eb-ea5c48d400c0,2026-08-12T12:54:31.031Z,2026-08-12T12:54:32.032Z,,,,,,,2026-08-12T12:54:32.032Z,,
6a2a5127f0612d002d2e0e3a,known,Added to Control Group,,,d6380627-fbf2-4e8a-ae3d-cbfe5fa42056,2026-08-12T12:14:27.027Z,,2026-08-12T12:14:27.475000,,,,,,2026-08-12T12:14:27.027Z,,
69948960bc7d380011022e8a,known,Added to Control Group,,,ab24839b-c9bd-4f44-a80c-5d283b682c30,2026-08-12T11:36:21.021Z,,2026-08-12T11:36:21.169000,,,,,,2026-08-12T11:36:21.021Z,,
6a5958c0ba0cbb001974a616,known,Delivered,,,cae82d73-823b-4ea8-9928-8827e2266668,2026-08-12T10:12:28.028Z,2026-08-12T10:12:31.031Z,,,,,,,2026-08-12T10:12:31.031Z,,
6895ce318bc96e001285c874,known,Delivered,,,6e88ec09-c789-448e-8f21-781c7c55810e,2026-08-12T10:00:29.029Z,2026-08-12T10:00:31.031Z,,,,,,,2026-08-12T10:00:31.031Z,,
69e0e73d9d1793002b77e070,known,Delivered,,,7fe3007b-92c6-44b9-b642-e501e27cf742,2026-08-12T09:23:51.051Z,2026-08-12T09:23:52.052Z,,,,,,,2026-08-12T09:23:52.052Z,,
6a60ce849fb7560031dabbc7,known,Delivered,,,fe668be4-33bd-47fe-8b50-8961a2af9394,2026-08-12T08:53:06.006Z,2026-08-12T08:53:07.007Z,,,,,,,2026-08-12T08:53:07.007Z,,
6647d626668f0e0048d33dec,known,Delivered,,,d5d18a2d-ca76-4cc9-9169-490caf393b7a,2026-08-12T08:46:25.025Z,2026-08-12T08:46:28.028Z,,,,,,,2026-08-12T08:46:28.028Z,,
65bcf2cce44cba002047f6ee,known,Delivered,,,18212eb8-f9d6-4962-bde9-d12f47974329,2026-08-12T07:21:43.043Z,2026-08-12T07:21:44.044Z,,,,,,,2026-08-12T07:21:44.044Z,,
6622aafb7cee240012f924ea,known,Delivered,,,6aed562b-ed3c-4c32-b864-0f6773ec3034,2026-08-12T07:10:52.052Z,2026-08-12T07:10:54.054Z,,,,,,,2026-08-12T07:10:54.054Z,,
6a37b90b565b2e0019d61050,known,Added to Control Group,,,4bf2e944-6796-4bfd-a7c7-e20d88144eb4,2026-08-12T07:08:35.035Z,,2026-08-12T07:08:35.297000,,,,,,2026-08-12T07:08:35.035Z,,
6a6cacfde1514f00219bdeea,known,Added to Control Group,,,7f979202-7508-476b-a77e-b1a13ae684c7,2026-08-12T06:44:17.017Z,,2026-08-12T06:44:17.009000,,,,,,2026-08-12T06:44:17.017Z,,
67171ccb0797c501cc6d7d5f,known,Opened,Malaysia,Kuala Lumpur,688e160d-4d4d-4787-a919-97d5c367eb11,2026-08-12T05:17:17.017Z,2026-08-12T05:17:18.018Z,,1,2026-08-12T15:36:16.016Z,,,,2026-08-12T15:36:16.016Z,,
6a67dea5ab2ddb00124e9caf,known,Opened,,,54eb4483-0570-4315-9dbb-749e7856d0d7,2026-08-12T04:32:47.047Z,2026-08-12T04:32:48.048Z,,1,2026-08-12T04:35:30.030Z,,,,2026-08-12T04:35:30.030Z,,
6a7ab3fa20d6df0019b332d6,known,Added to Control Group,,,a70fb660-a062-4bd2-b481-4a1530d3e2c4,2026-08-12T03:46:22.022Z,,2026-08-12T03:46:22.083000,,,,,,2026-08-12T03:46:22.022Z,,
63fdd042e2e39300191f5778,known,Delivered,,,35559f96-3912-467f-994e-a787f2fbf965,2026-08-12T02:58:26.026Z,2026-08-12T02:58:27.027Z,,,,,,,2026-08-12T02:58:27.027Z,,
697b65ca44e0fb0026467e29,known,Delivered,,,e13b342a-4d1c-49f8-acb5-b23bf990ac63,2026-08-12T02:11:50.050Z,2026-08-12T02:11:51.051Z,,,,,,,2026-08-12T02:11:51.051Z,,
65f397fa655dbd002b8b80e9,known,Failed,,,45ff46a5-93d0-4970-bc7f-b2e4f7d47aec,2026-08-12T02:07:10.010Z,,,,,,,1,2026-08-12T02:07:10.010Z,,
66c0732385436f00820adbd0,known,Added to Control Group,,,e5b3ed60-75b8-4406-92d6-288e988a4772,2026-08-11T15:41:26.026Z,,2026-08-11T15:41:26.610000,,,,,,2026-08-11T15:41:26.026Z,,
67bd933f95b2d900aeeb3382,known,Added to Control Group,,,4583cdd4-4205-4d68-9eb3-3888e0fba3c7,2026-08-11T15:00:35.035Z,,2026-08-11T15:00:35.601000,,,,,,2026-08-11T15:00:35.035Z,,
69f21b7f37774800202220dd,known,Added to Control Group,,,3b83fa98-f061-4635-81a1-f59d56377159,2026-08-11T12:14:06.006Z,,2026-08-11T12:14:06.795000,,,,,,2026-08-11T12:14:06.006Z,,
676d313cd4d4290043fb5bf0,known,Added to Control Group,,,2a71337c-9208-4cff-afde-8a88d7ecb12f,2026-08-11T12:12:10.010Z,,2026-08-11T12:12:10.505000,,,,,,2026-08-11T12:12:10.010Z,,
5f6de81409c7e863b41d4c54,known,Delivered,,,5c132b70-dbbe-471b-9560-6b4081b02e59,2026-08-11T12:09:28.028Z,2026-08-11T12:09:29.029Z,,,,,,,2026-08-11T12:09:29.029Z,,
650ad8a0bbc3ba0019b85c28,known,Opened,India,Delhi,76daf4a5-7b27-4b34-b792-f5205f8271e4,2026-08-11T11:01:57.057Z,2026-08-11T11:01:58.058Z,,1,2026-08-11T11:35:18.018Z,,,,2026-08-11T11:35:18.018Z,,
6965f2349efe82001f8b71e9,known,Delivered,,,2be4fd69-2c92-4821-ae6d-0d3d245ca332,2026-08-11T10:39:40.040Z,2026-08-11T10:39:41.041Z,,,,,,,2026-08-11T10:39:41.041Z,,
6824ec1316e22e003c436bca,known,Delivered,,,062eb560-3666-44fc-bab3-9c4642d25a3f,2026-08-11T10:25:29.029Z,2026-08-11T10:25:30.030Z,,,,,,,2026-08-11T10:25:30.030Z,,
5e952c27daf2af370be5f90e,known,Delivered,,,6967f4fc-adc3-4972-9ed9-f05d09d9a523,2026-08-11T10:10:30.030Z,2026-08-11T10:10:32.032Z,,,,,,,2026-08-11T10:10:32.032Z,,
6967caec1dbfd700180fd5b5,known,Delivered,,,0d49046d-ca7c-4744-91a0-766c43b1d875,2026-08-11T09:07:21.021Z,2026-08-11T09:07:24.024Z,,,,,,,2026-08-11T09:07:24.024Z,,
650ad8a0bbc3ba0019b85c28,known,Opened,India,Delhi,64c6b285-6387-40b8-9c5d-32b07afa35a2,2026-08-11T08:10:27.027Z,2026-08-11T08:10:28.028Z,,1,2026-08-11T11:35:18.018Z,,,,2026-08-11T11:35:18.018Z,,
6a703d8f26ca9200198d2d57,known,Delivered,,,758f5f46-a94d-4e97-9d3b-642e34e95c55,2026-08-11T07:42:00.000Z,2026-08-11T07:42:02.002Z,,,,,,,2026-08-11T07:42:02.002Z,,
696f863dad73aa0011b62e9a,known,Opened,,,0be26739-3ecc-4544-b656-4481c538b781,2026-08-11T06:40:23.023Z,2026-08-11T06:40:24.024Z,,1,2026-08-11T06:40:31.031Z,,,,2026-08-11T06:40:31.031Z,,
6a7a5e1f20d6df0019a97446,known,Opened,Pakistan,,693d3c52-4592-4353-8990-fdbcad22dd27,2026-08-11T06:21:27.027Z,2026-08-11T06:21:28.028Z,,2,2026-08-15T20:35:04.004Z,,,,2026-08-15T20:35:04.004Z,,
6a696d72da7e4d0021225651,known,Opened,,,627dcb88-9a59-43e2-a915-62583833098b,2026-08-11T06:08:15.015Z,2026-08-11T06:08:17.017Z,,1,2026-08-11T08:13:40.040Z,,,,2026-08-11T08:13:40.040Z,,
69ee28f77ce6e70019894756,known,Delivered,,,d2b2ba76-2fb5-47e5-b579-0e8b59f51c40,2026-08-11T05:08:28.028Z,2026-08-11T05:08:29.029Z,,,,,,,2026-08-11T05:08:29.029Z,,
682a9588014d26001282f142,known,Opened,,,20ae7b55-31c7-4a9e-b09a-545088686ed5,2026-08-11T04:52:50.050Z,2026-08-11T04:52:51.051Z,,1,2026-08-11T04:53:00.000Z,,,,2026-08-11T04:53:00.000Z,,
68a45f65ab0cb90053ae33fc,known,Delivered,,,962e0d23-9090-42ca-a1a1-b95097be1474,2026-08-11T04:10:28.028Z,2026-08-11T04:10:29.029Z,,,,,,,2026-08-11T04:10:29.029Z,,
69facc2465b8d2002b2cf6bf,known,Delivered,,,f5be1baf-1492-41f0-aa96-7b9bc672e710,2026-08-11T03:59:18.018Z,2026-08-11T03:59:20.020Z,,,,,,,2026-08-11T03:59:20.020Z,,
62b1b1a1aed60c001ad9fd35,known,Delivered,,,bc9a5380-0177-4b66-a1a8-906f9f333536,2026-08-11T03:40:37.037Z,2026-08-11T03:40:38.038Z,,,,,,,2026-08-11T03:40:38.038Z,,
608fb2fe9ea4be0012330d4b,known,Opened,Hong Kong,,61fe012b-c9f6-4600-b357-6d788d7eeb48,2026-08-11T02:55:44.044Z,2026-08-11T02:55:45.045Z,,1,2026-08-13T14:37:34.034Z,,,,2026-08-13T14:37:34.034Z,,
696f8adfd28612001f97736b,known,Delivered,,,491e139c-44ab-4ff7-a38c-2c9fa31c66e8,2026-08-11T01:27:25.025Z,2026-08-11T01:27:26.026Z,,,,,,,2026-08-11T01:27:26.026Z,,
6a63756f81378600127b9c44,known,Opened,Pakistan,Karachi,6a423e5b-8d0b-48f6-98eb-230e1448a4b2,2026-08-11T01:14:19.019Z,2026-08-11T01:14:20.020Z,,1,2026-08-11T07:23:06.006Z,,,,2026-08-11T07:23:06.006Z,,
601e23b9368f8f651547b6bf,known,Delivered,,,aba0a2f6-fbe0-467c-ad03-3aacc5682008,2026-08-11T00:41:28.028Z,2026-08-11T00:41:29.029Z,,,,,,,2026-08-11T00:41:29.029Z,,
5e5b5e983d555a27a54ecf6f,known,Delivered,,,d10732c2-5b75-4b68-a99c-290ca5dc9517,2026-08-11T00:40:46.046Z,2026-08-11T00:40:47.047Z,,,,,,,2026-08-11T00:40:47.047Z,,
69c235956a978d002b79553f,known,Added to Control Group,,,e4c880c4-6a98-4c9b-a3c2-06d682a722c5,2026-08-10T12:56:41.041Z,,2026-08-10T12:56:41.672000,,,,,,2026-08-10T12:56:41.041Z,,
6a101ad1a66b6c002166791c,known,Delivered,,,1361d4ba-22c6-4251-b648-767e8715734d,2026-08-10T12:36:15.015Z,2026-08-10T12:36:16.016Z,,,,,,,2026-08-10T12:36:16.016Z,,
64e32219aa525a0019712d5f,known,Failed,,,dc047290-c7e0-4e77-ad07-9863f93fa448,2026-08-10T12:10:24.024Z,,,,,,,1,2026-08-10T12:10:24.024Z,,
6a6be29c20a2c00019f5c270,known,Opened,,,6104ac62-f498-48aa-b5e3-93a5dfa0f750,2026-08-10T11:42:31.031Z,2026-08-10T11:42:32.032Z,,1,2026-08-10T12:47:45.045Z,,,,2026-08-10T12:47:45.045Z,,
6a614125f82d5600217e96de,known,Added to Control Group,,,68505f33-e702-48f7-8135-48b0d5f8fd63,2026-08-10T11:41:22.022Z,,2026-08-10T11:41:22.344000,,,,,,2026-08-10T11:41:22.022Z,,
66347d89ab42f600192bde2a,known,Opened,United Kingdom,Stanmore,699d6171-afc6-44e4-b898-f0c4596114af,2026-08-10T11:27:29.029Z,2026-08-10T11:27:29.029Z,,1,2026-08-10T11:27:56.056Z,,,,2026-08-10T11:27:56.056Z,,
6a390d21478d8c002d1e439a,known,Opened,,,2a743e0e-2139-4b42-b055-503855e22f8a,2026-08-10T11:20:04.004Z,2026-08-10T11:20:05.005Z,,1,2026-08-10T13:09:24.024Z,,,,2026-08-10T13:09:24.024Z,,
670ced65c1c94d00193d5b63,known,Delivered,,,9968e05f-ebbc-4537-accb-f6aed02ad9f6,2026-08-10T10:42:52.052Z,2026-08-10T10:42:55.055Z,,,,,,,2026-08-10T10:42:55.055Z,,
6701152f7f8f2c0020b4a0d2,known,Delivered,,,49a0fade-4651-4998-8cb1-3f242274c940,2026-08-10T09:54:32.032Z,2026-08-10T09:54:33.033Z,,,,,,,2026-08-10T09:54:33.033Z,,
6a6aeb4430dbd6002db0bbf3,known,Delivered,,,4c5c5f90-f3f3-40f7-9299-897940af0cf3,2026-08-10T09:25:56.056Z,2026-08-10T09:25:57.057Z,,,,,,,2026-08-10T09:25:57.057Z,,
65014bbbaf2db6001287690b,known,Added to Control Group,,,c1de37f6-004d-4f09-beea-dd62806ddcad,2026-08-10T08:49:25.025Z,,2026-08-10T08:49:25.868000,,,,,,2026-08-10T08:49:25.025Z,,
69dd3ad852d92b002b4d0d12,known,Added to Control Group,,,d6b40265-80db-4228-ba86-3b0a96fbffe9,2026-08-10T08:35:27.027Z,,2026-08-10T08:35:27.371000,,,,,,2026-08-10T08:35:27.027Z,,
6a76caae64f9e5021760c0e6,known,Delivered,,,3069d642-c6c2-490c-9308-8fa9e6aee131,2026-08-10T08:31:43.043Z,2026-08-10T08:31:44.044Z,,,,,,,2026-08-10T08:31:44.044Z,,
6a5f5fc875bd3a003168f823,known,Opened,,,012f568a-e266-45e7-bec0-afb727b7e769,2026-08-10T08:19:56.056Z,2026-08-10T08:19:59.059Z,,1,2026-08-10T08:25:28.028Z,,,,2026-08-10T08:25:28.028Z,,
5eec8e6380e8f3655e506d39,known,Delivered,,,1f3f4942-7301-4c27-8bf8-9b2b1128660d,2026-08-10T08:03:30.030Z,2026-08-10T08:03:31.031Z,,,,,,,2026-08-10T08:03:31.031Z,,
67125f6c938c7c0127e473a3,known,Opened,,,bb656b04-b81e-4cd4-a621-44ee97226a6a,2026-08-10T08:03:26.026Z,2026-08-10T08:03:28.028Z,,2,2026-08-10T08:52:55.055Z,,,,2026-08-10T08:52:55.055Z,,
695235584fd25a001128b695,known,Delivered,,,20700e8a-604e-4117-b4a7-a8517e3fbf86,2026-08-10T07:50:28.028Z,2026-08-10T07:50:35.035Z,,,,,,,2026-08-10T07:50:35.035Z,,
690797bb60457a002bddd71e,known,Failed,,,0126b51d-538e-4da3-a1c3-3786b5a7028c,2026-08-10T07:44:20.020Z,,,,,,,1,2026-08-10T07:44:20.020Z,,
6a770b1164f9e502177ad1df,known,Added to Control Group,,,e037f398-47ad-4344-a7b3-d51dcac9caed,2026-08-10T07:35:26.026Z,,2026-08-10T07:35:26,,,,,,2026-08-10T07:35:26.026Z,,
69a3f2c95a9609001f627ce8,known,Opened,,,afe922c4-a621-46bf-b715-8bd81cd509f3,2026-08-10T07:33:26.026Z,2026-08-10T07:33:27.027Z,,1,2026-08-10T14:02:43.043Z,,,,2026-08-10T14:02:43.043Z,,
64e32219aa525a0019712d5f,known,Failed,,,74939805-ebd5-400b-87ee-12fbfcc06853,2026-08-10T07:20:06.006Z,,,,,,,1,2026-08-10T07:20:06.006Z,,
61aa03a1f12523001476cd22,known,Opened,Rwanda,Kigali,405c31b3-9b0c-4795-b10c-05ab3a053d11,2026-08-10T07:17:26.026Z,2026-08-10T07:17:28.028Z,,1,2026-08-10T07:30:25.025Z,,,,2026-08-10T07:30:25.025Z,,
676829ea1c33be04e4b33f5a,known,Opened,Saudi Arabia,Riyadh,c7a47104-73c3-4603-9c94-8c7454cc7149,2026-08-10T07:06:28.028Z,2026-08-10T07:06:30.030Z,,1,2026-08-10T08:47:41.041Z,,,,2026-08-10T08:47:41.041Z,,
64e32219aa525a0019712d5f,known,Failed,,,edc66efd-7b1e-435b-a4bf-1831448f1953,2026-08-10T07:00:30.030Z,,,,,,,1,2026-08-10T07:00:30.030Z,,
6a392c0deeaa1000250855e9,known,Delivered,,,267ec986-9d62-4b38-bd16-a23adf087180,2026-08-10T06:41:28.028Z,2026-08-10T06:41:30.030Z,,,,,,,2026-08-10T06:41:30.030Z,,
6a71b911617d8800207d3a95,known,Delivered,,,2b147e38-5bbd-48d8-a62f-d3498de83c13,2026-08-10T05:21:27.027Z,2026-08-10T05:21:28.028Z,,,,,,,2026-08-10T05:21:28.028Z,,
69f2e1b937774800203b614d,known,Delivered,,,7da4014b-4f9d-4922-92fa-304d2252eb5d,2026-08-10T05:12:52.052Z,2026-08-10T05:12:53.053Z,,,,,,,2026-08-10T05:12:53.053Z,,
5f93bf875611891e00d3799c,known,Delivered,,,448f61d5-7873-4167-a101-db3cfa288d14,2026-08-10T05:12:27.027Z,2026-08-10T05:12:28.028Z,,,,,,,2026-08-10T05:12:28.028Z,,
6a71eebb717698002d1d0fc2,known,Delivered,,,c315ad99-6a8e-45ee-b4e1-f64b9ae62f03,2026-08-10T05:01:27.027Z,2026-08-10T05:01:47.047Z,,,,,,,2026-08-10T05:01:47.047Z,,
64143f7a3dbf060011e63eb2,known,Delivered,,,c2948c92-7bd5-4ee8-8960-d0798335f760,2026-08-10T04:52:27.027Z,2026-08-10T04:52:28.028Z,,,,,,,2026-08-10T04:52:28.028Z,,
60a74c1a8ad53f00130e24a6,known,Delivered,,,27e48b6a-79d3-4162-b23e-3013d1df476b,2026-08-10T04:50:26.026Z,2026-08-10T04:50:27.027Z,,,,,,,2026-08-10T04:50:27.027Z,,
604e010cad85d40018fa3a2a,known,Opened,,,1f13c6f4-8bc4-41b4-ba92-fcba788ab709,2026-08-10T04:47:16.016Z,2026-08-10T04:47:18.018Z,,1,2026-08-10T04:49:22.022Z,,,,2026-08-10T04:49:22.022Z,,
6a1fb27b04a0e00018745047,known,Opened,,,ffa09e10-104f-4f3a-8bf6-accffe1772fa,2026-08-10T04:29:41.041Z,2026-08-10T04:29:42.042Z,,1,2026-08-10T04:37:59.059Z,,,,2026-08-10T04:37:59.059Z,,
6596a75145687f0020b32399,known,Delivered,,,e7a0afb7-1f27-4fd1-854f-77ef0fd6c511,2026-08-10T04:20:28.028Z,2026-08-10T04:20:29.029Z,,,,,,,2026-08-10T04:20:29.029Z,,
6a2d55f69781f200214d22cf,known,Delivered,,,2071fc56-35aa-4691-9864-1e371f83e5a5,2026-08-10T04:01:39.039Z,2026-08-10T04:01:40.040Z,,,,,,,2026-08-10T04:01:40.040Z,,
5e562f07f413920edc0c1b8b,known,Delivered,,,3077653d-07ae-4d69-a24a-179ac410be98,2026-08-10T03:44:26.026Z,2026-08-10T03:44:27.027Z,,,,,,,2026-08-10T03:44:27.027Z,,
652a089827928f001271f628,known,Delivered,,,3d4eeda4-c2b6-49b3-9afc-77b0f7e4be96,2026-08-10T03:18:26.026Z,2026-08-10T03:18:27.027Z,,,,,,,2026-08-10T03:18:27.027Z,,
6a6978e430dbd6002d481927,known,Opened,,,77e11bfb-cbaf-4862-b3b6-3d7aad2c58c5,2026-08-10T03:01:25.025Z,2026-08-10T03:01:26.026Z,,1,2026-08-11T08:14:12.012Z,,,,2026-08-11T08:14:12.012Z,,
695b64646f00d5001fd0937e,known,Added to Control Group,,,3d3f88a9-f87c-402c-8fa6-f0982b0244b3,2026-08-10T01:56:24.024Z,,2026-08-10T01:56:24.665000,,,,,,2026-08-10T01:56:24.024Z,,
6729e67e7d982f00a3a336f9,known,Delivered,,,4bdc9776-4480-4e4d-b3e8-70f100a319fc,2026-08-10T01:46:25.025Z,2026-08-10T01:46:26.026Z,,,,,,,2026-08-10T01:46:26.026Z,,
6a76160556da1b00126f82c0,known,Delivered,,,51233d2b-7dc7-420d-baf2-0d3494c8effe,2026-08-08T11:11:28.028Z,2026-08-08T11:11:29.029Z,,,,,,,2026-08-08T11:11:29.029Z,,
6813b0b9c043d800470b51c9,known,Opened,United States,Chicago,aa4551ea-24ce-41f0-8922-16bc4a2f8251,2026-08-08T11:10:28.028Z,2026-08-08T11:10:30.030Z,,1,2026-08-09T04:38:21.021Z,,,,2026-08-09T04:38:21.021Z,,
5f6de81409c7e863b41d4c54,known,Delivered,,,b0f34332-7e64-441b-985a-19ce04cce896,2026-08-08T10:13:28.028Z,2026-08-08T10:13:29.029Z,,,,,,,2026-08-08T10:13:29.029Z,,
6a5e335a794021001801fd5a,known,Opened,,,bc11a87b-670c-4a2e-879d-b801d9fb12a7,2026-08-08T05:10:46.046Z,2026-08-08T05:10:47.047Z,,1,2026-08-08T05:10:51.051Z,,,,2026-08-08T05:10:51.051Z,,
6a2002c20816c6002006e70d,known,Opened,,,b202df7f-03f5-4df2-85b8-1b785a39067d,2026-08-08T04:12:28.028Z,2026-08-08T04:12:29.029Z,,1,2026-08-08T10:09:39.039Z,,,,2026-08-08T10:09:39.039Z,,
6942bf384d9d28002aea93b8,known,Opened,,,a734a5dc-cefc-49e8-93a9-3474533451c6,2026-08-08T02:14:40.040Z,2026-08-08T02:14:44.044Z,,1,2026-08-08T07:12:02.002Z,,,,2026-08-08T07:12:02.002Z,,
6a66b48f8137860012ef0f0f,known,Opened,,,11c85d08-631c-4146-be6d-e7e07d531137,2026-08-08T00:44:44.044Z,2026-08-08T00:44:45.045Z,,1,2026-08-08T00:47:37.037Z,,,,2026-08-08T00:47:37.037Z,,
667993715ceb6c002072edab,known,Delivered,,,d5d07572-191a-4060-bafe-a2b093aebcde,2026-08-08T00:43:27.027Z,2026-08-08T00:43:28.028Z,,,,,,,2026-08-08T00:43:28.028Z,,
634fe58ab0f92900123c7db1,known,Failed,,,abc71560-b9ce-4b49-a9c2-e3bb0eceb713,2026-08-07T15:02:59.059Z,,,,,,,1,2026-08-07T15:02:59.059Z,,
69a2889a11ba940018b20e2c,known,Opened,India,Delhi,fc484ca1-f71d-4729-9b14-a93c6a38c148,2026-08-07T13:21:07.007Z,2026-08-07T13:21:07.007Z,,1,2026-08-08T15:06:42.042Z,,,,2026-08-08T15:06:42.042Z,,
656b2ecad022a70027af89fa,known,Opened,Thailand,,da8bfede-453a-4b8d-ab22-9527d1e52bc9,2026-08-07T13:19:58.058Z,2026-08-07T13:19:59.059Z,,1,2026-08-08T14:45:09.009Z,,,,2026-08-08T14:45:09.009Z,,
6a2bd58b78a48e0022490620,known,Sent,,,caf232f7-12ee-46af-b3bf-33c7d9f71533,2026-08-07T12:39:28.028Z,,,,,,,,2026-08-07T12:39:28.028Z,,
6a687b704509f20025c0b492,known,Delivered,,,c6011fa1-d620-4279-abe9-08d3874b888f,2026-08-07T11:08:42.042Z,2026-08-07T11:08:43.043Z,,,,,,,2026-08-07T11:08:43.043Z,,
6a37d2900c243800123db979,known,Opened,,,2f49b112-8422-4528-99cb-d4991e588188,2026-08-07T10:55:29.029Z,2026-08-07T10:55:30.030Z,,1,2026-08-07T10:55:44.044Z,,,,2026-08-07T10:55:44.044Z,,
66580a8bd79c9d0053590fb1,known,Opened,,,7469ac6b-5c38-4f55-b473-9d5b9479c4d5,2026-08-07T10:51:27.027Z,2026-08-07T10:51:28.028Z,,1,2026-08-07T10:52:43.043Z,,,,2026-08-07T10:52:43.043Z,,
69f2e6e9ac7b91001235bbd0,known,Opened,,,ee9b5714-8147-4f03-b2b6-9afd556c93a1,2026-08-07T10:42:24.024Z,2026-08-07T10:42:26.026Z,,1,2026-08-07T11:32:32.032Z,,,,2026-08-07T11:32:32.032Z,,
6a75a7d5074a9600120f8c21,known,Delivered,,,830ad96a-6771-4218-8766-045fb29564ba,2026-08-07T10:26:08.008Z,2026-08-07T10:26:09.009Z,,,,,,,2026-08-07T10:26:09.009Z,,
6a26d6470f373a00193bf69f,known,Delivered,,,e3bda236-414f-4897-9dee-af569f496021,2026-08-07T10:24:27.027Z,2026-08-07T10:24:28.028Z,,,,,,,2026-08-07T10:24:28.028Z,,
69f200d4377748002018de7f,known,Opened,,,5a9bebda-63e9-43dc-89d0-39040e612734,2026-08-07T09:47:52.052Z,2026-08-07T09:47:53.053Z,,1,2026-08-07T09:48:01.001Z,,,,2026-08-07T09:48:01.001Z,,
695e30709dd707002acf27ed,known,Added to Control Group,,,d1f3914e-7725-4e4c-8559-4413f7a93a48,2026-08-07T08:32:20.020Z,,2026-08-07T08:32:20.844000,,,,,,2026-08-07T08:32:20.020Z,,
677987e02b6bcd023a25d186,known,Added to Control Group,,,d6f23f69-9aba-48c0-a018-4d3251a9e4e4,2026-08-07T08:15:26.026Z,,2026-08-07T08:15:26.042000,,,,,,2026-08-07T08:15:26.026Z,,
60b4e3e4504cea0012a69f2d,known,Added to Control Group,,,6df5b321-810f-4652-b279-c382a2638e96,2026-08-07T07:15:28.028Z,,2026-08-07T07:15:28.011000,,,,,,2026-08-07T07:15:28.028Z,,
68873334a32e500041d27fb5,known,Failed,,,5045a3e6-8351-484c-85ad-1315bbc315ab,2026-08-07T06:21:57.057Z,,,,,,,1,2026-08-07T20:22:37.037Z,,
64e32219aa525a0019712d5f,known,Failed,,,fadf009a-e93b-4447-9ae2-dd45b847b0ff,2026-08-07T03:52:35.035Z,,,,,,,1,2026-08-07T03:52:35.035Z,,
669eae8758834900a3f26798,known,Added to Control Group,,,5cf59fab-ae7f-47ec-853c-7ab4f2d6aa41,2026-08-06T14:53:09.009Z,,2026-08-06T14:53:09.800000,,,,,,2026-08-06T14:53:09.009Z,,
6a5875b5d193ab003125713b,known,Added to Control Group,,,50c25890-1f66-468d-b24d-e363833da096,2026-08-06T14:42:43.043Z,,2026-08-06T14:42:43.024000,,,,,,2026-08-06T14:42:43.043Z,,
6a74780d074a960012d46063,known,Added to Control Group,,,58ef3999-98f7-4574-b898-4bd279b382ba,2026-08-06T13:45:16.016Z,,2026-08-06T13:45:16.577000,,,,,,2026-08-06T13:45:16.016Z,,
626288592a229c00132612ae,known,Delivered,,,095976d5-f6b4-4a52-a9ae-1fb85679d1cb,2026-08-06T13:13:01.001Z,2026-08-06T13:13:02.002Z,,,,,,,2026-08-06T13:13:02.002Z,,
6a3d200ccb6c410021a847fd,known,Delivered,,,4490a49d-dcf7-4204-9d9d-29c15d732366,2026-08-06T12:02:03.003Z,2026-08-06T12:02:04.004Z,,,,,,,2026-08-06T12:02:04.004Z,,
60b6110261f3630013d035f8,known,Opened,,,6d7a13ec-67f3-47d3-9484-9651891a5389,2026-08-06T11:13:06.006Z,2026-08-06T11:13:07.007Z,,1,2026-08-06T11:42:48.048Z,,,,2026-08-06T11:42:48.048Z,,
604e010cad85d40018fa3a2a,known,Opened,United States,,8a820ee8-91ae-481d-a847-785cc2522f74,2026-08-06T10:34:26.026Z,2026-08-06T10:34:27.027Z,,2,2026-08-07T06:33:45.045Z,,,,2026-08-07T06:33:45.045Z,,
636ead057f7764001249e6b8,known,Delivered,,,60eefeae-7b06-4f13-8384-77575ef1f73e,2026-08-06T10:12:04.004Z,2026-08-06T10:12:06.006Z,,,,,,,2026-08-06T10:12:06.006Z,,
645bb50d0d92aa0013f72eb6,known,Opened,United States,New York,c544963f-f976-4557-9176-8743d9ca2a3f,2026-08-06T10:11:05.005Z,2026-08-06T10:11:06.006Z,,2,2026-08-06T10:35:37.037Z,,,,2026-08-06T10:35:37.037Z,,
6a69b6ad77101e001ab5d465,known,Opened,,,55359260-43d7-4069-b259-b6683b6a9178,2026-08-06T09:49:51.051Z,2026-08-06T09:49:53.053Z,,1,2026-08-06T10:11:21.021Z,,,,2026-08-06T10:11:21.021Z,,
64e32219aa525a0019712d5f,known,Failed,,,696bfb23-2d02-4834-9c19-a6ebd8c912b5,2026-08-06T08:41:02.002Z,,,,,,,1,2026-08-06T08:41:02.002Z,,
62f668e350dc690013ae30dc,known,Added to Control Group,,,0d0124c1-2e82-4b30-9889-9f4ca4764302,2026-08-06T08:02:09.009Z,,2026-08-06T08:02:09.363000,,,,,,2026-08-06T08:02:09.009Z,,
6a6b10452c59e2001308f23d,known,Delivered,,,b382b5db-5448-41ae-80cb-d16207720e14,2026-08-06T07:52:35.035Z,2026-08-06T07:52:36.036Z,,,,,,,2026-08-06T07:52:36.036Z,,
64143f7a3dbf060011e63eb2,known,Delivered,,,5c484418-8dea-42fa-84aa-fac9a610848f,2026-08-06T06:26:03.003Z,2026-08-06T06:26:04.004Z,,,,,,,2026-08-06T06:26:04.004Z,,
6a5699731fbb580019a2be21,known,Delivered,,,47195fa6-1f75-404e-a980-effa1a9fa65d,2026-08-06T05:05:21.021Z,2026-08-06T05:05:22.022Z,,,,,,,2026-08-06T05:05:22.022Z,,
6a32782f0954050019e6fa86,known,Opened,,,8e92cf8c-8d5d-41f0-8cc0-66e0d6509820,2026-08-06T04:14:06.006Z,2026-08-06T04:14:07.007Z,,1,2026-08-06T05:32:38.038Z,,,,2026-08-06T05:32:38.038Z,,
66ea8b295763340077fda6c2,known,Delivered,,,c1c9dac6-6a9b-4658-a628-81053ad2be19,2026-08-06T03:34:08.008Z,2026-08-06T03:34:09.009Z,,,,,,,2026-08-06T03:34:09.009Z,,
6a6a145977101e001adecee7,known,Delivered,,,1594cd18-fd7f-457c-8b78-0e99396bf14c,2026-08-06T03:32:51.051Z,2026-08-06T03:32:54.054Z,,,,,,,2026-08-06T03:32:54.054Z,,
68becb6445aa5e004804677f,known,Added to Control Group,,,a6e130d0-cf68-4885-8fb5-2c0f01b16945,2026-08-05T19:50:58.058Z,,2026-08-05T19:50:58.236000,,,,,,2026-08-05T19:50:58.058Z,,
6a72d6e9617d880020c8a653,known,Added to Control Group,,,91cbbe0a-7f31-422b-b67a-61065efbd87b,2026-08-05T13:29:16.016Z,,2026-08-05T13:29:16.866000,,,,,,2026-08-05T13:29:16.016Z,,
62aaacf847e3570012d2a288,known,Added to Control Group,,,1064b71f-8293-485f-83e0-f4eef23133ed,2026-08-05T13:28:39.039Z,,2026-08-05T13:28:39.607000,,,,,,2026-08-05T13:28:39.039Z,,
66a25f249fa4f4008d6bcbc8,known,Delivered,,,6ab895c7-3010-4fcf-a9a2-0d494f3fefba,2026-08-05T13:14:30.030Z,2026-08-05T13:14:31.031Z,,,,,,,2026-08-05T13:14:31.031Z,,
6a6a0b1960788e002538d47d,known,Added to Control Group,,,c3dfd08f-9a3f-4a7b-98c2-37f1b198e7a3,2026-08-05T12:26:59.059Z,,2026-08-05T12:26:59.119000,,,,,,2026-08-05T12:26:59.059Z,,
699d5485277bc4001f7b99ff,known,Failed,,,18a4e9eb-d182-4bbb-b057-07f63895fbbb,2026-08-05T12:25:27.027Z,,,,,,,1,2026-08-05T12:25:27.027Z,,
5f6c298b01d33934995f97cc,known,Opened,,,aa190fae-40b3-4e46-b3bb-db81aa4c1cd4,2026-08-05T12:10:29.029Z,2026-08-05T12:10:30.030Z,,1,2026-08-05T12:10:42.042Z,,,,2026-08-05T12:10:42.042Z,,
609e0f2c629b710012772a6f,known,Delivered,,,4c4b590d-0143-481e-8c95-90bd60e67992,2026-08-05T11:06:29.029Z,2026-08-05T11:06:30.030Z,,,,,,,2026-08-05T11:06:30.030Z,,
62692be460d1f400136ced64,known,Delivered,,,9b12f2cd-fe05-4155-8092-b209c7cff718,2026-08-05T11:01:28.028Z,2026-08-05T11:01:29.029Z,,,,,,,2026-08-05T11:01:29.029Z,,
69cfab743f400d0019a96a42,known,Delivered,,,6e1c27c1-3c5a-415a-90d9-9cc3b3958ace,2026-08-05T10:48:28.028Z,2026-08-05T10:48:29.029Z,,,,,,,2026-08-05T10:48:29.029Z,,
6a6c8cc5d1345b0025fa98ef,known,Delivered,,,6db3efe1-545f-45fb-a50f-b9a41bd3fce3,2026-08-05T10:28:36.036Z,2026-08-05T10:28:37.037Z,,,,,,,2026-08-05T10:28:37.037Z,,
69de7b8b6ef8ea001265b3b4,known,Delivered,,,80a4a738-4b8f-4a13-9f2f-adeeb06a7321,2026-08-05T10:15:21.021Z,2026-08-05T10:15:23.023Z,,,,,,,2026-08-05T10:15:23.023Z,,
6983604855cda8002a102250,known,Opened,United Arab Emirates,,a567c1d1-3ce0-4ee8-9200-2c80e02b647a,2026-08-05T10:13:47.047Z,2026-08-05T10:13:48.048Z,,1,2026-08-05T10:18:53.053Z,,,,2026-08-05T10:18:53.053Z,,
67a5e7cbd40e57006c7bcce0,known,Delivered,,,6747ab4f-3565-4f91-ba39-fcd3bc4121e3,2026-08-05T09:59:30.030Z,2026-08-05T09:59:32.032Z,,,,,,,2026-08-05T09:59:32.032Z,,
66a7f0a6fe5fac00198804ad,known,Delivered,,,d56ec1d8-a756-405e-b693-fc668a86a8b1,2026-08-05T09:53:28.028Z,2026-08-05T09:53:29.029Z,,,,,,,2026-08-05T09:53:29.029Z,,
6a5fac42656bb800122f8b89,known,Added to Control Group,,,a21a84d8-0a38-403c-bbf4-2afdb723b634,2026-08-05T09:24:26.026Z,,2026-08-05T09:24:26.102000,,,,,,2026-08-05T09:24:26.026Z,,
6157dcb5890445001251e00f,known,Delivered,,,344afd9c-a4ff-4fe4-89a1-0b0e9bac5f11,2026-08-05T08:43:09.009Z,2026-08-05T08:43:10.010Z,,,,,,,2026-08-05T08:43:10.010Z,,
64e32219aa525a0019712d5f,known,Failed,,,0da40c23-ce64-4163-be7c-57c676099981,2026-08-05T08:30:13.013Z,,,,,,,1,2026-08-05T08:30:13.013Z,,
651e7f73a497e700125cfd12,known,Opened,United Arab Emirates,Dubai,cee1c478-0272-4943-822e-8f428147e10f,2026-08-05T07:04:19.019Z,2026-08-05T07:04:21.021Z,,2,2026-08-05T08:29:22.022Z,,,,2026-08-05T08:29:22.022Z,,
678e6c7c55d6a30670ae169f,known,Delivered,,,056ef8ae-0dcb-43ad-afeb-f4a1a5f08ca3,2026-08-05T05:56:27.027Z,2026-08-05T05:56:28.028Z,,,,,,,2026-08-05T05:56:28.028Z,,
6a7167da3d966d0019502820,known,Added to Control Group,,,241174f7-a35f-483f-9dea-a5b5ffd1a1b9,2026-08-05T04:48:40.040Z,,2026-08-05T04:48:40.015000,,,,,,2026-08-05T04:48:40.040Z,,
69d30ead51846d0012efd4f6,known,Delivered,,,f5c91876-770a-4a1c-8b59-392d4b147e80,2026-08-05T03:55:05.005Z,2026-08-05T03:55:06.006Z,,,,,,,2026-08-05T03:55:06.006Z,,
6982ecea4e0deb001fdfa9d0,known,Delivered,,,1f0217f2-b80a-4799-96b7-364a41bef1eb,2026-08-05T03:47:13.013Z,2026-08-05T03:47:14.014Z,,,,,,,2026-08-05T03:47:14.014Z,,
62692be460d1f400136ced64,known,Delivered,,,93a416dc-f75c-4684-a4dd-8848a15e5c54,2026-08-05T03:11:05.005Z,2026-08-05T03:11:06.006Z,,,,,,,2026-08-05T03:11:06.006Z,,
6a6ac3deb42e5500121a842b,known,Opened,,,5a19ac85-2c4c-4ea7-9566-ab7fadaf1699,2026-08-05T01:26:41.041Z,2026-08-05T01:26:42.042Z,,1,2026-08-06T02:31:02.002Z,,,,2026-08-06T02:31:02.002Z,,
6a71c3fdec79f100211721d3,known,Opened,Hong Kong,,5992c8cf-07a1-4466-94d1-f8d43566d883,2026-08-05T00:56:26.026Z,2026-08-05T00:56:28.028Z,,1,2026-08-05T07:53:32.032Z,,,,2026-08-05T07:53:32.032Z,,
69299c07799fb4001888d8ff,known,Delivered,,,45c9d913-aff7-4d42-bf44-06029b8c6a3d,2026-08-05T00:43:06.006Z,2026-08-05T00:43:07.007Z,,,,,,,2026-08-05T00:43:07.007Z,,
636ead057f7764001249e6b8,known,Opened,,,ab9a4820-a81b-4809-8849-14a690d02a63,2026-08-05T00:42:07.007Z,2026-08-05T00:42:08.008Z,,1,2026-08-05T05:22:41.041Z,,,,2026-08-05T05:22:41.041Z,,
676829ea1c33be04e4b33f5a,known,Delivered,,,424f8d4a-252e-4b5b-9739-e10e12b9d8f1,2026-08-05T00:40:06.006Z,2026-08-05T00:40:08.008Z,,,,,,,2026-08-05T00:40:08.008Z,,
6a55ad603b57000019c6380c,known,Delivered,,,4089b13f-813a-405c-bf20-0a1b8031e8a7,2026-08-04T12:12:30.030Z,2026-08-04T12:12:34.034Z,,,,,,,2026-08-04T12:12:34.034Z,,
6a42005b1ddddd0012d7548b,known,Delivered,,,c71e4a6a-6b57-4176-92c2-ef0ac7a7208f,2026-08-04T11:23:14.014Z,2026-08-04T11:23:14.014Z,,,,,,,2026-08-04T11:23:14.014Z,,
6a70493a3d966d00191053db,known,Opened,,,f9f5ace1-b79a-4a62-9000-2ac253ae4343,2026-08-04T11:06:25.025Z,2026-08-04T11:06:28.028Z,,1,2026-08-04T11:06:34.034Z,,,,2026-08-04T11:06:34.034Z,,
6a50cb3214c223001205e31f,known,Opened,South Africa,Johannesburg South,8275eca7-b0e9-4ee5-84db-a5e5de63ea89,2026-08-04T10:32:33.033Z,2026-08-04T10:32:34.034Z,,1,2026-08-04T13:49:40.040Z,,,,2026-08-04T13:49:40.040Z,,
66b708ad0ad3bf004c2bd3c6,known,Opened,,,e4bec41c-2c8e-4ce1-a6b1-d798b1f95a7b,2026-08-04T10:13:24.024Z,2026-08-04T10:13:25.025Z,,1,2026-08-05T06:54:07.007Z,,,,2026-08-05T06:54:07.007Z,,
69131d02e2e6e2002aa6593d,known,Opened,,,fbdaeeb7-ddcc-4d34-98b3-e2e321e800e2,2026-08-04T10:10:06.006Z,2026-08-04T10:10:08.008Z,,1,2026-08-04T10:10:11.011Z,,,,2026-08-04T10:10:11.011Z,,
69f2e6e9ac7b91001235bbd0,known,Delivered,,,7355ec8d-a571-4c9f-97ce-084237a9bae4,2026-08-04T10:10:05.005Z,2026-08-04T10:10:07.007Z,,,,,,,2026-08-04T10:10:07.007Z,,
69f9e7fa65b8d2002b11dce2,known,Opened,Canada,Toronto,009bb2cb-54c3-43f9-acb8-f149ea186de0,2026-08-04T10:10:05.005Z,2026-08-04T10:10:06.006Z,,1,2026-08-04T14:40:01.001Z,,,,2026-08-04T14:40:01.001Z,,
6a71686644213b189528093e,known,Opened,Philippines,Manila,f31ac1b7-6bc8-4e34-af40-5227f4db7c09,2026-08-04T09:59:25.025Z,2026-08-04T09:59:26.026Z,,2,2026-08-04T14:19:13.013Z,,,,2026-08-04T14:19:13.013Z,,
64e32219aa525a0019712d5f,known,Failed,,,5d21cb26-508f-424c-824d-aed68b69d743,2026-08-04T09:35:22.022Z,,,,,,,1,2026-08-04T09:35:22.022Z,,
6a5a102d2092e400191e02b4,known,Failed,,,2b2fed45-c861-4df7-a401-f3e1cb330cfe,2026-08-04T09:16:31.031Z,,,,,,,1,2026-08-04T09:16:31.031Z,,
6065f18e3d088900121ac537,known,Delivered,,,63f7f90d-2c01-4fbf-990a-6ebfadc52fa5,2026-08-04T08:45:50.050Z,2026-08-04T08:45:51.051Z,,,,,,,2026-08-04T08:45:51.051Z,,
6a1d6c4a0816c6002057cd4c,known,Opened,United Arab Emirates,Dubai,f0dd4c1d-65a3-42e7-9057-40f384dcebe4,2026-08-04T08:38:22.022Z,2026-08-04T08:38:32.032Z,,1,2026-08-05T01:09:16.016Z,,,,2026-08-05T01:09:16.016Z,,
69c4ee1b5a716400206de243,known,Opened,,,02eefdb3-bd1f-43a2-97ea-781fab4e7915,2026-08-04T08:36:44.044Z,2026-08-04T08:36:45.045Z,,1,2026-08-04T10:10:36.036Z,,,,2026-08-04T10:10:36.036Z,,
5e856fe03cb95d1ad672256c,known,Delivered,,,09cf1156-b474-4bfa-a648-dddece9434f6,2026-08-04T08:19:45.045Z,2026-08-04T08:19:47.047Z,,,,,,,2026-08-04T08:19:47.047Z,,
69d7673702034d001f6973fc,known,Added to Control Group,,,c8e204b7-386f-4fda-b7d4-f1e493c858e9,2026-08-04T07:33:52.052Z,,2026-08-04T07:33:52.450000,,,,,,2026-08-04T07:33:52.052Z,,
69c44ebbe44ae60020600d8d,known,Delivered,,,2c3c2997-e445-4a73-a2e7-6154d54cc246,2026-08-04T05:14:24.024Z,2026-08-04T05:14:25.025Z,,,,,,,2026-08-04T05:14:25.025Z,,
6a628e0f658b7100125de2cc,known,Delivered,,,41fc80c3-f8d2-40f5-9e02-748303b806c3,2026-08-04T05:10:23.023Z,2026-08-04T05:10:24.024Z,,,,,,,2026-08-04T05:10:24.024Z,,
69df96bc4c88f40019d00b28,known,Delivered,,,69058de3-1724-405f-ae5f-bcb096ea463a,2026-08-04T04:14:07.007Z,2026-08-04T04:14:08.008Z,,,,,,,2026-08-04T04:14:08.008Z,,
6a22b2c5c757200019b2bf77,known,Delivered,,,a8bb36dc-c623-43db-b3ca-cb7d55448d18,2026-08-04T04:13:05.005Z,2026-08-04T04:13:07.007Z,,,,,,,2026-08-04T04:13:07.007Z,,
604e010cad85d40018fa3a2a,known,Opened,,,2062c2b5-836d-4073-bc1a-ee9cbc941c24,2026-08-04T04:12:06.006Z,2026-08-04T04:12:07.007Z,,1,2026-08-04T04:25:30.030Z,,,,2026-08-04T04:25:30.030Z,,
6a68f39f5ad33a0032910e20,known,Failed,,,dbdd579c-378c-456a-aee7-61c882096eac,2026-08-04T04:10:10.010Z,,,,,,,1,2026-08-04T18:10:11.011Z,,
66ebd8b608bd05003df7c14d,known,Delivered,,,edf05d15-62a0-409b-a8b6-858269c58429,2026-08-04T03:14:07.007Z,2026-08-04T03:14:08.008Z,,,,,,,2026-08-04T03:14:08.008Z,,
6a6d60350aee440019664e94,known,Delivered,,,2d7b316e-6978-4dbd-830e-8bfceefd9171,2026-08-04T03:10:06.006Z,2026-08-04T03:10:08.008Z,,,,,,,2026-08-04T03:10:08.008Z,,
67f37ac931cdba0012c9f5bb,known,Delivered,,,47e7897e-69cb-4e34-865d-e38f39ec28be,2026-08-04T01:35:32.032Z,2026-08-04T01:35:33.033Z,,,,,,,2026-08-04T01:35:33.033Z,,
69fb4f53be1f11002bd21b40,known,Delivered,,,9fa7cbe5-181e-4813-8b05-f56aeb8f6690,2026-08-04T00:44:10.010Z,2026-08-04T00:44:11.011Z,,,,,,,2026-08-04T00:44:11.011Z,,
6967a70afd20d100114ee1f8,known,Opened,India,Delhi,656caa86-e11a-426f-8b76-ec5b20684d1b,2026-08-04T00:43:05.005Z,2026-08-04T00:43:06.006Z,,2,2026-08-07T17:53:59.059Z,,,,2026-08-07T17:53:59.059Z,,
6a692c36895d330019ad6e6f,known,Opened,,,1c13587f-c650-4e04-8a9d-3ac57670c2ae,2026-08-04T00:42:05.005Z,2026-08-04T00:42:06.006Z,,3,2026-08-13T23:52:26.026Z,,,,2026-08-13T23:52:26.026Z,,
6a7083ae3d966d001934a996,known,Opened,,,ec2f7145-4ca5-4cfa-a778-07f09cbdd264,2026-08-04T00:41:25.025Z,2026-08-04T00:41:27.027Z,,2,2026-08-04T00:58:23.023Z,,,,2026-08-04T00:58:23.023Z,,
601a6e63170944433d6d728e,known,Delivered,,,57bc9268-ac98-41d0-aee9-514710d6e57d,2026-08-04T00:41:09.009Z,2026-08-04T00:41:10.010Z,,,,,,,2026-08-04T00:41:10.010Z,,
5f3161f8cdbf0a297c078439,known,Added to Control Group,,,f5cbd1d6-2c56-44ee-9e53-02526c7fddcd,2026-08-03T22:04:35.035Z,,2026-08-03T22:04:35.292000,,,,,,2026-08-03T22:04:35.035Z,,
698cc917ffcf6d002a43f8bf,known,Failed,,,49b83a2f-ac93-43ee-a9af-01ab244f450b,2026-08-03T18:47:51.051Z,,,,,,,1,2026-08-03T18:47:51.051Z,,
67922d77f7b34700122c0b3d,known,Added to Control Group,,,92d693ba-1e51-458d-8dd8-d517ea0f5295,2026-08-03T16:15:31.031Z,,2026-08-03T16:15:31.615000,,,,,,2026-08-03T16:15:31.031Z,,
692073872ad9f9001161bdb5,known,Added to Control Group,,,6e12767d-227b-455c-a5e5-233bc8ea3827,2026-08-03T14:06:11.011Z,,2026-08-03T14:06:11.679000,,,,,,2026-08-03T14:06:11.011Z,,
69884ff8741dcb002adf30f9,known,Added to Control Group,,,0b2705c7-d3c1-444b-a5ea-c8ff00698865,2026-08-03T14:05:29.029Z,,2026-08-03T14:05:29.822000,,,,,,2026-08-03T14:05:29.029Z,,
5e1474698c87a40d558cba5e,known,Added to Control Group,,,ac05be89-6ed9-4466-94c5-379204743dbc,2026-08-03T14:04:37.037Z,,2026-08-03T14:04:37.380000,,,,,,2026-08-03T14:04:37.037Z,,
6a689bdcd6fbed002d939019,known,Added to Control Group,,,3662a2e9-4226-406b-9971-610b65111fb0,2026-08-03T13:09:31.031Z,,2026-08-03T13:09:31.820000,,,,,,2026-08-03T13:09:31.031Z,,
6a49ee16114bfb00204e4337,known,Added to Control Group,,,445499e6-fcbc-4e5c-bc3b-46996801d76c,2026-08-03T12:58:46.046Z,,2026-08-03T12:58:46.897000,,,,,,2026-08-03T12:58:46.046Z,,
65cb12a2a3c22500196588db,known,Delivered,,,50d7c8cb-9b73-4fda-87a9-3e13c32007ed,2026-08-03T12:18:46.046Z,2026-08-03T12:18:47.047Z,,,,,,,2026-08-03T12:18:47.047Z,,
6a1d3e004b7466002c2f1981,known,Opened,Georgia,,5e091cfd-6a19-4609-9517-fbc53487e392,2026-08-03T11:05:43.043Z,2026-08-03T11:05:44.044Z,,1,2026-08-03T12:03:33.033Z,,,,2026-08-03T12:03:33.033Z,,
6a5367a4d0b274002155bdf1,known,Delivered,,,8045e46e-4b70-433f-8811-c17bcaa89acf,2026-08-03T11:04:05.005Z,2026-08-03T11:04:09.009Z,,,,,,,2026-08-03T11:04:09.009Z,,
6a6b2f83da7e4d0021b120f2,known,Opened,,,1f315739-8f4a-4cbc-92d5-d89c08eca461,2026-08-03T10:41:08.008Z,2026-08-03T10:41:09.009Z,,1,2026-08-03T10:50:43.043Z,,,,2026-08-03T10:50:43.043Z,,
6a4ca55b54a8890021dd8d85,known,Delivered,,,c6501eaa-4c6b-4b48-aa2e-3f313524fdf3,2026-08-03T10:23:54.054Z,2026-08-03T10:23:55.055Z,,,,,,,2026-08-03T10:23:55.055Z,,
68ef13394445c5002766ecca,known,Delivered,,,e1f84f65-ff91-420b-8a58-53790114f51c,2026-08-03T09:56:57.057Z,2026-08-03T09:56:57.057Z,,,,,,,2026-08-03T09:56:57.057Z,,
695ca822efe14e0018f2828e,known,Opened,,,401b9174-c7e2-4f5f-96e0-1b518be4e68e,2026-08-03T09:32:28.028Z,2026-08-03T09:32:29.029Z,,1,2026-08-03T15:52:36.036Z,,,,2026-08-03T15:52:36.036Z,,
68a6cd1852b3fb0057e0e0a4,known,Delivered,,,c26a1ce9-e59c-47f3-8a61-76919d9083d1,2026-08-03T09:25:02.002Z,2026-08-03T09:25:04.004Z,,,,,,,2026-08-03T09:25:04.004Z,,
687d1ee323deed006d9b9d04,known,Opened,,,4f85eb4d-8b61-48e9-9bc1-481a019f90ae,2026-08-03T09:15:28.028Z,2026-08-03T09:15:29.029Z,,1,2026-08-03T13:05:51.051Z,,,,2026-08-03T13:05:51.051Z,,
6a16c944064c040020a7699d,known,Opened,South Africa,Johannesburg South,c71207d9-96e7-47c4-a7e6-a41907beec97,2026-08-03T08:54:27.027Z,2026-08-03T08:54:29.029Z,,1,2026-08-12T10:01:42.042Z,,,,2026-08-12T10:01:42.042Z,,
62692be460d1f400136ced64,known,Delivered,,,eb9fb529-7802-4fc1-8a5b-dd0de0a165f1,2026-08-03T08:40:27.027Z,2026-08-03T08:40:28.028Z,,,,,,,2026-08-03T08:40:28.028Z,,
699ef3d1efdd970011729aa1,known,Delivered,,,ae6c7a50-6b09-4e41-b415-f0e49e166450,2026-08-03T08:17:27.027Z,2026-08-03T08:17:28.028Z,,,,,,,2026-08-03T08:17:28.028Z,,
6a5354340c1298001205bcb0,known,Delivered,,,9fce5070-e8cf-4cef-8a8c-8e6b54fea391,2026-08-03T08:04:27.027Z,2026-08-03T08:04:29.029Z,,,,,,,2026-08-03T08:04:29.029Z,,
6a620075d401fb0019c319f5,known,Delivered,,,6403705a-9f6a-48ba-860b-4a813c90fff2,2026-08-03T08:04:27.027Z,2026-08-03T08:04:28.028Z,,,,,,,2026-08-03T08:04:28.028Z,,
64e32219aa525a0019712d5f,known,Failed,,,31655bd0-0975-40a2-9c6a-c8f6574a67a3,2026-08-03T08:04:26.026Z,,,,,,,1,2026-08-03T08:04:26.026Z,,
6a550df0d0b2740021c3a755,known,Delivered,,,d54e85d9-80a5-46f8-9968-fa0e4ea3fd1c,2026-08-03T08:00:17.017Z,2026-08-03T08:00:19.019Z,,,,,,,2026-08-03T08:00:19.019Z,,
650ad8a0bbc3ba0019b85c28,known,Opened,India,Mumbai,3a5bccfd-b312-4bcd-b887-c8736a7efab6,2026-08-03T07:54:48.048Z,2026-08-03T07:54:50.050Z,,1,2026-08-04T03:31:55.055Z,,,,2026-08-04T03:31:55.055Z,,
6a6c806fd928b80019042af5,known,Delivered,,,e5f77134-93ae-4f17-9ef1-88e6444c0aa3,2026-08-03T07:50:20.020Z,2026-08-03T07:50:21.021Z,,,,,,,2026-08-03T07:50:21.021Z,,
6a6b0a2a60788e0025673dcc,known,Opened,,,3bf54cbc-7d64-4c43-a4b4-5a2058cebee8,2026-08-03T07:09:26.026Z,2026-08-03T07:09:28.028Z,,1,2026-08-04T21:28:41.041Z,,,,2026-08-04T21:28:41.041Z,,
6a6dc93f0aee4400198cefc1,known,Delivered,,,acaef69a-8689-4248-9e5b-99d887b9eff0,2026-08-03T07:02:27.027Z,2026-08-03T07:02:28.028Z,,,,,,,2026-08-03T07:02:28.028Z,,
676829ea1c33be04e4b33f5a,known,Opened,Saudi Arabia,Riyadh,43e1e547-e679-4f1e-80e8-94d79ef65aae,2026-08-03T06:38:29.029Z,2026-08-03T06:38:31.031Z,,1,2026-08-03T06:38:41.041Z,,,,2026-08-03T06:38:41.041Z,,
6759a990ef6c9f00fb2b9473,known,Delivered,,,bc801fc6-2683-45b4-868e-dfde064657f4,2026-08-03T06:29:05.005Z,2026-08-03T06:29:06.006Z,,,,,,,2026-08-03T06:29:06.006Z,,
6a6e0906717698002d4176d0,known,Added to Control Group,,,9127ccbe-2528-4d7b-ac69-46d9898a200c,2026-08-03T06:27:28.028Z,,2026-08-03T06:27:28.252000,,,,,,2026-08-03T06:27:28.028Z,,
6a6fd3c4ec79f1002184233f,known,Delivered,,,3753360b-8275-4cd7-ab57-4f75553f93d0,2026-08-03T06:21:30.030Z,2026-08-03T06:21:31.031Z,,,,,,,2026-08-03T06:21:31.031Z,,
68244ccda6712a002060323b,known,Opened,India,,a7064008-af88-4917-86ce-bc8144ff3356,2026-08-03T06:21:29.029Z,2026-08-03T06:21:31.031Z,,1,2026-08-03T07:34:05.005Z,,,,2026-08-03T07:34:05.005Z,,
6728a56c29d48200b95ccef0,known,Added to Control Group,,,feeb34ce-818f-4d33-909f-0bbc847538b0,2026-08-03T06:20:30.030Z,,2026-08-03T06:20:30.554000,,,,,,2026-08-03T06:20:30.030Z,,
6992c899f3897c001f587375,known,Delivered,,,60c80c36-1e5d-4ec0-a942-8ba96961a744,2026-08-03T06:14:28.028Z,2026-08-03T06:14:29.029Z,,,,,,,2026-08-03T06:14:29.029Z,,
6928af1f8f7bc9001e8ee32c,known,Added to Control Group,,,7eaf87c4-af63-4f9e-9046-d1009cc7934a,2026-08-03T06:08:28.028Z,,2026-08-03T06:08:28.482000,,,,,,2026-08-03T06:08:28.028Z,,
65cb12a2a3c22500196588db,known,Delivered,,,36cb6586-241f-40f4-9005-a9bd91859a9a,2026-08-03T05:58:55.055Z,2026-08-03T05:58:58.058Z,,,,,,,2026-08-03T05:58:58.058Z,,
68bf4a9d794646001900114a,known,Failed,,,b198ca85-0483-4ebf-8588-569899338af6,2026-08-03T04:58:50.050Z,,,,,,,1,2026-08-03T04:58:50.050Z,,
6a36691091c3b90019f50f05,known,Delivered,,,295b6835-6499-449f-b537-89108e341f41,2026-08-03T04:06:28.028Z,2026-08-03T04:06:30.030Z,,,,,,,2026-08-03T04:06:30.030Z,,
69845f5376230f001ff09988,known,Opened,Malaysia,Kuala Lumpur,16a5f35d-9c94-48ec-ac42-ef04bf2d614f,2026-08-03T04:05:27.027Z,2026-08-03T04:05:28.028Z,,1,2026-08-03T12:37:04.004Z,,,,2026-08-03T12:37:04.004Z,,
6a6cec060aee4400195d0547,known,Added to Control Group,,,e46926c5-84d6-4190-b166-37209dfaed62,2026-08-03T03:02:24.024Z,,2026-08-03T03:02:24.937000,,,,,,2026-08-03T03:02:24.024Z,,
6a19241ce70ba9002b803331,known,Delivered,,,0266a621-2143-47c0-a48a-270cbd21a73e,2026-08-03T02:58:25.025Z,2026-08-03T02:58:26.026Z,,,,,,,2026-08-03T02:58:26.026Z,,
67ea7c2d921c6e003ce86d1e,known,Delivered,,,c2972aef-0b96-43ed-8943-7942fdaa8b9c,2026-08-03T02:39:25.025Z,2026-08-03T02:39:26.026Z,,,,,,,2026-08-03T02:39:26.026Z,,
668189d4b985a3008dce75f1,known,Delivered,,,61ce16dd-2512-4c36-b3e9-b969d0a169e0,2026-08-01T10:13:04.004Z,2026-08-01T10:13:05.005Z,,,,,,,2026-08-01T10:13:05.005Z,,
6a6ccb28fa2db0002db9e489,known,Delivered,,,23201efc-66eb-42d1-af31-a8946b62e352,2026-08-01T02:13:04.004Z,2026-08-01T02:13:05.005Z,,,,,,,2026-08-01T02:13:05.005Z,,
68244ccda6712a002060323b,known,Opened,India,Mumbai,90c6add8-e9bc-4054-98cf-5a9ed61e4281,2026-08-01T02:12:29.029Z,2026-08-01T02:12:31.031Z,,1,2026-08-01T04:51:37.037Z,,,,2026-08-01T04:51:37.037Z,,
6a51175b4b0a1a0019db0bc3,known,Delivered,,,aa9c60ff-f716-43c0-bfee-48a4fbf7d454,2026-08-01T02:11:05.005Z,2026-08-01T02:11:06.006Z,,,,,,,2026-08-01T02:11:06.006Z,,
6a60fb4b573248001954b673,known,Delivered,,,c3c83f65-aa47-4d0c-bbb2-59b94193fa8f,2026-08-01T00:45:09.009Z,2026-08-01T00:45:10.010Z,,,,,,,2026-08-01T00:45:10.010Z,,
67e3d9224ef2b9004009684d,known,Added to Control Group,,,40432e37-701e-436c-9d4d-6297ad7b09ae,2026-07-31T18:58:26.026Z,,2026-07-31T18:58:26.210000,,,,,,2026-07-31T18:58:26.026Z,,
6a1d8b454b7466002c5abecb,known,Added to Control Group,,,cfe445f1-7860-44c2-91a8-d4944da5ac33,2026-07-31T15:34:25.025Z,,2026-07-31T15:34:25.595000,,,,,,2026-07-31T15:34:25.025Z,,
69ab1f97a727fe00126518bd,known,Added to Control Group,,,f0cd106a-af8d-4789-8ec4-31b12961c92c,2026-07-31T14:59:35.035Z,,2026-07-31T14:59:35.915000,,,,,,2026-07-31T14:59:35.035Z,,
6996f2b4c0a521002a05b66a,known,Added to Control Group,,,241976cc-9627-4a04-9126-263de16739e6,2026-07-31T11:27:42.042Z,,2026-07-31T11:27:42.328000,,,,,,2026-07-31T11:27:42.042Z,,
6a3b9c62ff3c15002d695a59,known,Delivered,,,cff7fd08-ead1-4b17-a993-f16de34fd892,2026-07-31T11:15:05.005Z,2026-07-31T11:15:07.007Z,,,,,,,2026-07-31T11:15:07.007Z,,
6a66fd4fab2ddb0012050647,known,Delivered,,,f2f6b774-2c95-468f-9f2a-6482388e2dac,2026-07-31T10:45:54.054Z,2026-07-31T10:45:55.055Z,,,,,,,2026-07-31T10:45:55.055Z,,
6a60767ffcaaa70020258385,known,Opened,Nigeria,Lagos,7f84342d-3a51-4ca3-acd2-8874671b80ef,2026-07-31T10:35:55.055Z,2026-07-31T10:35:57.057Z,,2,2026-07-31T16:41:52.052Z,,,,2026-07-31T16:41:52.052Z,,
621c7858cfe6f200125097d3,known,Delivered,,,b2d4a27f-cecd-4afb-a043-7913d4cb664d,2026-07-31T10:15:05.005Z,2026-07-31T10:15:06.006Z,,,,,,,2026-07-31T10:15:06.006Z,,
6384c05df1316600117803fc,known,Delivered,,,b00ca218-1caf-422f-9b7f-61121c9bd61d,2026-07-31T10:13:04.004Z,2026-07-31T10:13:05.005Z,,,,,,,2026-07-31T10:13:05.005Z,,
691c49818aa466002a74f19f,known,Delivered,,,d8989a95-5aca-4c68-a808-b21e717844bc,2026-07-31T09:08:26.026Z,2026-07-31T09:08:29.029Z,,,,,,,2026-07-31T09:08:29.029Z,,
6a62fb109e2b4a00121e9f26,known,Delivered,,,410d4967-75cb-4b85-803c-8bcc70a48f7e,2026-07-31T09:02:27.027Z,2026-07-31T09:02:28.028Z,,,,,,,2026-07-31T09:02:28.028Z,,
6a3dfbc019b3640021fcc991,known,Added to Control Group,,,4c7d47c7-19d3-424f-89c8-d66852a7b5e4,2026-07-31T08:44:14.014Z,,2026-07-31T08:44:14.321000,,,,,,2026-07-31T08:44:14.014Z,,
6a6b9cc0ff3dbe0021f64b1c,known,Added to Control Group,,,db386fe7-3a36-4d8f-b25d-a44d6ada9473,2026-07-31T08:05:28.028Z,,2026-07-31T08:05:28.455000,,,,,,2026-07-31T08:05:28.028Z,,
604e010cad85d40018fa3a2a,known,Clicked,United States,Charleston,c888a718-7a00-4f90-8cba-c95c624970bb,2026-07-31T07:17:13.013Z,2026-07-31T07:17:14.014Z,,1,2026-07-31T08:17:04.004Z,2,2026-07-31T08:18:05.005Z,,2026-07-31T08:18:05.005Z,,
6a43a2acc85b51002de382bd,known,Delivered,,,c4e934ad-c0dc-494f-831c-6574d34acabc,2026-07-31T06:49:26.026Z,2026-07-31T06:49:27.027Z,,,,,,,2026-07-31T06:49:27.027Z,,
64e32219aa525a0019712d5f,known,Failed,,,7c110fb6-3e26-4ca8-abd2-2cc1b2ebfadb,2026-07-31T06:40:44.044Z,,,,,,,1,2026-07-31T06:40:44.044Z,,
69a74039b15e5a001f7baa71,known,Added to Control Group,,,7165d6a3-957b-40b2-ace5-fa86fb88f914,2026-07-31T06:17:28.028Z,,2026-07-31T06:17:28.799000,,,,,,2026-07-31T06:17:28.028Z,,
64e32219aa525a0019712d5f,known,Failed,,,82e00ee0-c42e-406a-803e-1cb5d553f45a,2026-07-31T05:23:49.049Z,,,,,,,1,2026-07-31T05:23:49.049Z,,
64f730d0ff095e00129da4f6,known,Opened,,,98a424ca-08d1-42c1-aa75-1dfa568dbf20,2026-07-31T04:12:07.007Z,2026-07-31T04:12:08.008Z,,2,2026-07-31T14:19:31.031Z,,,,2026-07-31T14:19:31.031Z,,
6a6b55d65fe68900314be51f,known,Delivered,,,40675d72-3790-4db5-a6be-7fe1d207f318,2026-07-31T04:11:07.007Z,2026-07-31T04:11:08.008Z,,,,,,,2026-07-31T04:11:08.008Z,,
660b6792ab60b600194e063f,known,Opened,India,Delhi,0d2911c0-e1ee-4ec2-8aac-75fbe1bf7c6d,2026-07-31T03:06:29.029Z,2026-07-31T03:06:31.031Z,,1,2026-07-31T06:37:39.039Z,,,,2026-07-31T06:37:39.039Z,,
681a564e8d419d0027a86867,known,Delivered,,,a8dba8c4-979a-43e0-8e87-6d1734f91222,2026-07-31T02:15:55.055Z,2026-07-31T02:15:57.057Z,,,,,,,2026-07-31T02:15:57.057Z,,
69711975f26a0a0018d3f459,known,Opened,Pakistan,Karachi,aa7b96e7-d09d-45dd-8e7c-86b3df45c105,2026-07-31T01:28:26.026Z,2026-07-31T01:28:27.027Z,,1,2026-07-31T06:41:28.028Z,,,,2026-07-31T06:41:28.028Z,,
6940590e701e2f002a67a6c7,known,Delivered,,,2e194cf7-9cc3-480f-b931-d0eaf078e141,2026-07-31T00:44:12.012Z,2026-07-31T00:44:18.018Z,,,,,,,2026-07-31T00:44:18.018Z,,
60de9e62d77def001806668a,known,Failed,,,a9702905-687d-4519-a79c-a7cfb1ce1886,2026-07-30T19:02:25.025Z,,,,,,,1,2026-07-30T19:02:25.025Z,,
69c3d5fcbc299500195c6d39,known,Added to Control Group,,,8cc8e1fd-53ea-4c06-9c12-e3214309ad5a,2026-07-30T13:01:28.028Z,,2026-07-30T13:01:28.830000,,,,,,2026-07-30T13:01:28.028Z,,
62188a70c8d604001314b43a,known,Opened,,,ee9a4b6f-c046-4e70-b1da-c26122275fe9,2026-07-30T12:35:15.015Z,2026-07-30T12:35:17.017Z,,1,2026-07-30T12:35:24.024Z,,,,2026-07-30T12:35:24.024Z,,
6a602aab75bd3a0031881d79,known,Added to Control Group,,,6556c9f9-cd00-456c-b348-78a10df0422e,2026-07-30T12:06:52.052Z,,2026-07-30T12:06:52.016000,,,,,,2026-07-30T12:06:52.052Z,,
69612da3ad0bf400113145d0,known,Delivered,,,d05b9c6b-8a48-4219-b369-02cd1c169f75,2026-07-30T11:57:48.048Z,2026-07-30T11:57:49.049Z,,,,,,,2026-07-30T11:57:49.049Z,,
6881319797d4700012c4b2d0,known,Delivered,,,3eb53ad9-b9e1-4862-8020-1618881725c4,2026-07-30T11:10:04.004Z,2026-07-30T11:10:06.006Z,,,,,,,2026-07-30T11:10:06.006Z,,
64e32219aa525a0019712d5f,known,Failed,,,3245a8ec-9b21-4c2d-837e-552cc1a88c69,2026-07-30T10:33:51.051Z,,,,,,,1,2026-07-30T10:33:51.051Z,,
5ecb9e0e4d1c3a6e9e6e7c04,known,Delivered,,,4bbfda7e-8a34-41f6-9045-150287fb8506,2026-07-30T09:44:07.007Z,2026-07-30T09:44:08.008Z,,,,,,,2026-07-30T09:44:08.008Z,,
62e4e888d85fdc0019fd0d25,known,Added to Control Group,,,614051b2-d992-437a-a610-11cef04bcaa6,2026-07-30T08:55:59.059Z,,2026-07-30T08:55:59.964000,,,,,,2026-07-30T08:55:59.059Z,,
69f9a2ef92c94900190f672b,known,Delivered,,,ad92b54a-b8da-4d43-b51c-eb1744d79d5f,2026-07-30T08:44:08.008Z,2026-07-30T08:44:09.009Z,,,,,,,2026-07-30T08:44:09.009Z,,
64e32219aa525a0019712d5f,known,Failed,,,38df5ce1-a7cd-4ed3-b0a2-ddd74a12a0a4,2026-07-30T08:39:40.040Z,,,,,,,1,2026-07-30T08:39:40.040Z,,
684fac67ab20120019d70a52,known,Delivered,,,1bfbd30a-20c5-487c-b269-e84d2bc0717c,2026-07-30T08:32:26.026Z,2026-07-30T08:32:27.027Z,,,,,,,2026-07-30T08:32:27.027Z,,
6a60f59f573248001953b158,known,Delivered,,,1667ec9a-847b-42ee-bba0-d8ebd079c9a4,2026-07-30T08:03:18.018Z,2026-07-30T08:03:20.020Z,,,,,,,2026-07-30T08:03:20.020Z,,
62692be460d1f400136ced64,known,Delivered,,,99eb5b85-5e4f-4053-b72a-980f383de613,2026-07-30T07:47:25.025Z,2026-07-30T07:47:26.026Z,,,,,,,2026-07-30T07:47:26.026Z,,
6a555e16c803e7001937cbee,known,Delivered,,,b1832901-b765-4260-890c-33c83d634ab2,2026-07-30T07:06:27.027Z,2026-07-30T07:06:28.028Z,,,,,,,2026-07-30T07:06:28.028Z,,
6a697b3e30dbd6002d4857ef,known,Added to Control Group,,,4f0f0df6-de06-4fbf-8bf5-13406db970df,2026-07-30T07:00:41.041Z,,2026-07-30T07:00:41.510000,,,,,,2026-07-30T07:00:41.041Z,,
6a3bdcd731016b002f902ecc,known,Delivered,,,29cc0972-34b8-457e-8cd9-5a45bae64a87,2026-07-30T06:30:30.030Z,2026-07-30T06:30:31.031Z,,,,,,,2026-07-30T06:30:31.031Z,,
68bafb8c211ced0032402ff5,known,Delivered,,,4628eb74-1a35-4720-9276-ccdb1cf3f792,2026-07-30T04:47:42.042Z,2026-07-30T04:47:43.043Z,,,,,,,2026-07-30T04:47:43.043Z,,
6a227e40dc87740012a542d5,known,Delivered,,,9085454f-3b67-4f37-8823-a97334747afb,2026-07-30T03:14:07.007Z,2026-07-30T03:14:08.008Z,,,,,,,2026-07-30T03:14:08.008Z,,
6a6891715ca06e00315ba93f,known,Delivered,,,db5263ac-76e5-4106-b2fe-23f10df50d2b,2026-07-30T01:16:11.011Z,2026-07-30T01:16:12.012Z,,,,,,,2026-07-30T01:16:12.012Z,,
6a69fc5b2c59e20013d750a4,known,Failed,,,8e9bd7d6-3616-42d4-a013-67b77ab49131,2026-07-29T16:24:50.050Z,,,,,,,1,2026-07-29T16:24:50.050Z,,
6a68b45a4509f20025dcda7b,known,Added to Control Group,,,529ec0f9-8fe0-4fa6-84b1-1853c5d02cc7,2026-07-29T14:23:38.038Z,,2026-07-29T14:23:38.296000,,,,,,2026-07-29T14:23:38.038Z,,
6a0f4eb1d5dc8c00120f9b91,known,Delivered,,,ff8fc3cf-2070-46d4-99b4-f442c1874ba4,2026-07-29T13:27:51.051Z,2026-07-29T13:28:38.038Z,,,,,,,2026-07-29T13:28:38.038Z,,
6a4f68d36849580019afb568,known,Delivered,,,96ad1a40-125d-40ef-8242-15418ea4609e,2026-07-29T13:21:10.010Z,2026-07-29T13:21:13.013Z,,,,,,,2026-07-29T13:21:13.013Z,,
699c435bc05966001fb98173,known,Delivered,,,72dbefa5-cce3-44ea-a53a-ef4b02e903d8,2026-07-29T12:09:05.005Z,2026-07-29T12:09:06.006Z,,,,,,,2026-07-29T12:09:06.006Z,,
5ecb9e0e4d1c3a6e9e6e7c04,known,Delivered,,,2b906608-a4f2-4b39-a0e8-7e406bb22398,2026-07-29T11:09:41.041Z,2026-07-29T11:09:43.043Z,,,,,,,2026-07-29T11:09:43.043Z,,
64e32219aa525a0019712d5f,known,Failed,,,7b5699d1-b768-4d98-a4cd-b9743542b5ca,2026-07-29T10:08:51.051Z,,,,,,,1,2026-07-29T10:08:51.051Z,,
68f764b8651e7200123f5ab8,known,Opened,,,771dc660-b0fb-4c47-9bd9-0c61ee2ae8c3,2026-07-29T09:26:49.049Z,2026-07-29T09:26:50.050Z,,1,2026-08-03T11:05:24.024Z,,,,2026-08-03T11:05:24.024Z,,
69490e5c996277001f072416,known,Opened,,,ddc60604-dd16-4742-9228-85f0477281ab,2026-07-29T08:47:57.057Z,2026-07-29T08:48:00.000Z,,1,2026-07-29T08:55:37.037Z,,,,2026-07-29T08:55:37.037Z,,
5ecb9e0e4d1c3a6e9e6e7c04,known,Delivered,,,19cedd0a-189b-4547-8353-93076afc07e9,2026-07-29T08:34:25.025Z,2026-07-29T08:34:27.027Z,,,,,,,2026-07-29T08:34:27.027Z,,
69c28d51a42f130019e16b51,known,Delivered,,,e1ef3822-762a-48fd-beec-8ef533af391c,2026-07-29T08:19:38.038Z,2026-07-29T08:19:40.040Z,,,,,,,2026-07-29T08:19:40.040Z,,
69d6b8678ed2ae002064ecd5,known,Failed,,,33f75869-0998-44a8-abe0-1faa5d7f0cfe,2026-07-29T08:06:33.033Z,,,,,,,1,2026-07-29T08:06:33.033Z,,
