Month,Total_MRR,Total_ARR,Active_Clients,Beginning_MRR,New_MRR,Expansion_MRR,Reactivation_MRR,Contraction_MRR,Churned_MRR,Net_New_MRR,New_Clients,Expansion_Clients,Reactivation_Clients,Contraction_Clients,Churned_Clients,Clients_With_Invoices,Inv_New_Clients,Inv_Expansion_Clients,Inv_Reactivation_Clients,Inv_Contraction_Clients,Inv_Retained_Flat_Clients,NRR_Pct,GRR_Pct,Logo_Churn_Pct,Quick_Ratio,ARPU,Row_Type,Contracted_MRR,Trend_New_MRR,Trend_Expansion_MRR,Trend_Reactivation_MRR,Trend_Contraction_MRR,Trend_Churn_MRR
2021-03,11223.0,134682.0,23,0.0,10231.0,0.0,0.0,0.0,0.0,10231.0,23.0,0.0,0.0,0.0,0.0,23.0,23.0,0.0,0.0,0.0,0.0,,,,,488.0,ACTUAL,,,,,,
2021-04,23972.0,287664.0,58,11223.0,10472.0,35.0,0.0,0.0,0.0,10507.0,35.0,2.0,0.0,0.0,0.0,38.0,35.0,2.0,0.0,0.0,1.0,100.31,100.0,,,413.0,ACTUAL,,,,,,
2021-05,31362.0,376345.0,101,23972.0,13971.0,1449.0,0.0,0.0,5891.0,9529.0,47.0,1.0,0.0,0.0,4.0,48.0,47.0,1.0,0.0,0.0,0.0,81.47,75.43,6.9,2.62,311.0,ACTUAL,,,,,,
2021-06,47300.0,567602.0,168,31362.0,23059.0,23.0,250.0,24.0,7887.0,15421.0,86.0,2.0,1.0,2.0,20.0,92.0,86.0,2.0,1.0,2.0,1.0,74.85,74.78,19.8,2.95,282.0,ACTUAL,,,,,,
2021-07,85686.0,1028227.0,319,47300.0,49858.0,335.0,0.0,680.0,11588.0,37925.0,178.0,3.0,0.0,1.0,27.0,189.0,178.0,3.0,0.0,1.0,7.0,74.77,74.06,16.07,4.09,269.0,ACTUAL,,,,,,
2021-08,109323.0,1311875.0,436,85686.0,36939.0,429.0,1216.0,608.0,14339.0,23637.0,150.0,5.0,5.0,13.0,38.0,188.0,150.0,5.0,5.0,13.0,15.0,83.06,82.56,11.91,2.58,251.0,ACTUAL,,,,,,
2021-09,137743.0,1652920.0,564,109323.0,49584.0,1266.0,1338.0,1986.0,23453.0,26749.0,198.0,7.0,4.0,12.0,74.0,240.0,198.0,7.0,4.0,9.0,22.0,77.89,76.73,16.97,2.05,244.0,ACTUAL,,,,,,
2021-10,173131.0,2077569.0,709,137743.0,50882.0,815.0,2366.0,2579.0,16176.0,35308.0,186.0,8.0,8.0,14.0,49.0,245.0,186.0,8.0,8.0,12.0,31.0,86.98,86.38,8.69,2.88,244.0,ACTUAL,,,,,,
2021-11,184520.0,2214236.0,846,173131.0,39712.0,519.0,2209.0,5217.0,25834.0,11389.0,220.0,5.0,6.0,34.0,89.0,281.0,220.0,5.0,6.0,32.0,18.0,82.36,82.07,12.55,1.37,218.0,ACTUAL,,,,,,
2021-12,200500.0,2406005.0,934,184520.0,43170.0,730.0,2113.0,2318.0,27811.0,15884.0,166.0,10.0,7.0,11.0,85.0,223.0,166.0,10.0,7.0,9.0,31.0,84.07,83.67,10.05,1.53,215.0,ACTUAL,,,,,,
2022-01,215314.0,2583766.0,969,200500.0,37368.0,2290.0,3264.0,2076.0,26033.0,14813.0,131.0,12.0,12.0,26.0,108.0,207.0,131.0,12.0,12.0,24.0,28.0,87.12,85.98,11.56,1.53,222.0,ACTUAL,,,,,,
2022-02,228633.0,2743600.0,1023,215314.0,39432.0,303.0,3220.0,2696.0,27656.0,12603.0,131.0,10.0,15.0,13.0,92.0,187.0,131.0,10.0,15.0,10.0,21.0,86.04,85.9,9.49,1.42,223.0,ACTUAL,,,,,,
2022-03,221141.0,2653689.0,1023,228633.0,20727.0,2634.0,3192.0,1722.0,29296.0,-4465.0,74.0,28.0,12.0,16.0,86.0,164.0,74.0,28.0,12.0,15.0,35.0,87.59,86.43,8.41,0.86,216.0,ACTUAL,,,,,,
2022-04,223001.0,2676006.0,1056,221141.0,18591.0,1973.0,8057.0,3905.0,22954.0,1761.0,81.0,23.0,24.0,28.0,72.0,150.0,81.0,23.0,24.0,18.0,4.0,88.75,87.85,7.04,1.07,211.0,ACTUAL,,,,,,
2022-05,229476.0,2753709.0,1094,223001.0,22455.0,1811.0,2503.0,2142.0,17051.0,7575.0,88.0,21.0,7.0,13.0,57.0,125.0,88.0,21.0,7.0,8.0,1.0,92.21,91.39,5.4,1.39,210.0,ACTUAL,,,,,,
2022-06,244484.0,2933811.0,1169,229476.0,19918.0,417.0,4379.0,3279.0,7729.0,13705.0,90.0,13.0,13.0,11.0,28.0,131.0,90.0,13.0,13.0,11.0,4.0,95.38,95.2,2.56,2.25,209.0,ACTUAL,,,,,,
2022-07,263944.0,3167332.0,1250,244484.0,23054.0,1467.0,1167.0,2556.0,3501.0,19630.0,96.0,9.0,4.0,25.0,19.0,147.0,96.0,9.0,4.0,23.0,15.0,98.12,97.52,1.63,4.24,211.0,ACTUAL,,,,,,
2022-08,281198.0,3374375.0,1328,263944.0,28730.0,1891.0,4382.0,4984.0,11923.0,18096.0,114.0,18.0,11.0,41.0,47.0,194.0,114.0,18.0,11.0,41.0,10.0,94.31,93.59,3.76,2.07,212.0,ACTUAL,,,,,,
2022-09,290167.0,3482004.0,1383,281198.0,26568.0,4059.0,2257.0,3811.0,20529.0,8545.0,120.0,25.0,8.0,30.0,73.0,184.0,120.0,25.0,8.0,25.0,6.0,92.79,91.34,5.5,1.35,210.0,ACTUAL,,,,,,
2022-10,310029.0,3720348.0,1459,290167.0,27977.0,10758.0,847.0,3956.0,15507.0,20119.0,133.0,48.0,6.0,18.0,63.0,195.0,133.0,48.0,6.0,6.0,2.0,97.0,93.29,4.56,2.03,212.0,ACTUAL,,,,,,
2022-11,329323.0,3951880.0,1511,310029.0,30121.0,12007.0,2929.0,11793.0,16607.0,16657.0,110.0,45.0,11.0,50.0,69.0,173.0,110.0,45.0,11.0,6.0,1.0,94.71,90.84,4.73,1.59,218.0,ACTUAL,,,,,,
2022-12,336719.0,4040630.0,1511,329323.0,24549.0,12382.0,3941.0,9936.0,21375.0,9561.0,100.0,59.0,14.0,45.0,114.0,179.0,100.0,58.0,14.0,7.0,0.0,94.25,90.49,7.54,1.31,223.0,ACTUAL,,,,,,
2023-01,385346.0,4624151.0,1712,336719.0,58521.0,6291.0,4477.0,10192.0,12181.0,46916.0,237.0,31.0,19.0,53.0,55.0,298.0,237.0,31.0,19.0,8.0,3.0,95.22,93.36,3.64,3.1,225.0,ACTUAL,,,,,,
2023-02,536019.0,6432227.0,2266,385346.0,145498.0,7546.0,13483.0,4701.0,11237.0,150590.0,549.0,36.0,54.0,28.0,49.0,649.0,549.0,36.0,54.0,5.0,5.0,97.82,95.86,2.86,10.45,237.0,ACTUAL,,,,,,
2023-03,597177.0,7166127.0,2479,536019.0,66932.0,9514.0,4456.0,5475.0,12328.0,63099.0,244.0,44.0,15.0,30.0,46.0,319.0,244.0,44.0,15.0,14.0,2.0,98.45,96.68,2.03,4.54,241.0,ACTUAL,,,,,,
2023-04,650882.0,7810579.0,2687,597177.0,65127.0,7366.0,1875.0,6212.0,14820.0,53336.0,253.0,37.0,8.0,40.0,53.0,317.0,253.0,37.0,8.0,18.0,1.0,97.71,96.48,2.14,3.54,242.0,ACTUAL,,,,,,
2023-05,695477.0,8345721.0,2831,650882.0,49975.0,10463.0,5088.0,8375.0,15663.0,41488.0,184.0,53.0,19.0,73.0,59.0,322.0,184.0,53.0,19.0,45.0,21.0,97.91,96.31,2.2,2.73,246.0,ACTUAL,,,,,,
2023-06,737183.0,8846199.0,2972,695477.0,65694.0,12312.0,3216.0,8048.0,27733.0,45440.0,224.0,48.0,13.0,43.0,96.0,305.0,224.0,48.0,13.0,12.0,8.0,96.63,94.86,3.39,2.27,248.0,ACTUAL,,,,,,
2023-07,806614.0,9679366.0,3190,737183.0,72659.0,17119.0,4814.0,8099.0,17062.0,69431.0,267.0,63.0,18.0,49.0,67.0,370.0,267.0,63.0,18.0,14.0,8.0,98.91,96.59,2.25,3.76,253.0,ACTUAL,,,,,,
2023-08,898414.0,10780972.0,3397,806614.0,77296.0,29324.0,9997.0,8809.0,16007.0,91801.0,244.0,103.0,24.0,51.0,61.0,380.0,244.0,103.0,24.0,6.0,3.0,100.56,96.92,1.91,4.7,264.0,ACTUAL,,,,,,
2023-09,953082.0,11436982.0,3596,898414.0,76413.0,19508.0,3256.0,23742.0,20768.0,54668.0,261.0,78.0,12.0,103.0,74.0,366.0,261.0,78.0,12.0,10.0,5.0,97.22,95.05,2.18,2.23,265.0,ACTUAL,,,,,,
2023-10,1033904.0,12406854.0,3796,953082.0,87848.0,31759.0,7180.0,24764.0,21200.0,80823.0,249.0,102.0,25.0,72.0,74.0,389.0,249.0,102.0,25.0,10.0,3.0,98.51,95.18,2.06,2.76,272.0,ACTUAL,,,,,,
2023-11,1111422.0,13337067.0,3980,1033904.0,87136.0,23783.0,7581.0,19497.0,21485.0,77518.0,240.0,86.0,17.0,96.0,73.0,378.0,240.0,86.0,17.0,32.0,3.0,98.34,96.04,1.92,2.89,279.0,ACTUAL,,,,,,
2023-12,1179368.0,14152419.0,4170,1111422.0,80177.0,23912.0,6393.0,17924.0,24045.0,68513.0,251.0,95.0,19.0,61.0,80.0,395.0,251.0,95.0,19.0,19.0,11.0,98.38,96.22,2.01,2.63,283.0,ACTUAL,,,,,,
2024-01,1305984.0,15671807.0,4430,1179368.0,106955.0,42584.0,9602.0,12444.0,20081.0,126616.0,303.0,151.0,31.0,58.0,74.0,510.0,303.0,151.0,31.0,18.0,7.0,100.85,97.24,1.77,4.89,295.0,ACTUAL,,,,,,
2024-02,1463504.0,17562050.0,4682,1305984.0,124007.0,81176.0,6782.0,25482.0,28885.0,157598.0,330.0,280.0,22.0,104.0,100.0,655.0,330.0,280.0,22.0,20.0,3.0,102.05,95.84,2.26,3.9,313.0,ACTUAL,,,,,,
2024-03,1523674.0,18284091.0,4902,1463504.0,132290.0,56676.0,6964.0,78790.0,56970.0,60170.0,361.0,169.0,19.0,294.0,160.0,566.0,361.0,169.0,19.0,15.0,2.0,94.6,90.72,3.42,1.44,311.0,ACTUAL,,,,,,
2024-04,1691460.0,20297526.0,5235,1523674.0,180453.0,64428.0,6114.0,45207.0,38001.0,167786.0,422.0,161.0,19.0,150.0,108.0,613.0,422.0,161.0,19.0,10.0,1.0,98.77,94.54,2.2,3.02,323.0,ACTUAL,,,,,,
2024-05,1885705.0,22628459.0,5589,1691460.0,195214.0,65661.0,14156.0,41237.0,39549.0,194244.0,440.0,165.0,29.0,146.0,115.0,655.0,440.0,165.0,29.0,20.0,1.0,99.11,95.22,2.2,3.4,337.0,ACTUAL,,,,,,
2024-06,2047001.0,24564011.0,5884,1885705.0,158078.0,57274.0,9683.0,33949.0,39166.0,151921.0,362.0,163.0,25.0,128.0,92.0,581.0,362.0,163.0,25.0,24.0,7.0,99.16,96.12,1.65,3.08,348.0,ACTUAL,,,,,,
2024-07,2236517.0,26838198.0,6279,2047001.0,207709.0,58810.0,12058.0,40276.0,39556.0,198745.0,471.0,168.0,30.0,138.0,106.0,729.0,471.0,168.0,30.0,43.0,17.0,98.97,96.1,1.8,3.49,356.0,ACTUAL,,,,,,
2024-08,2439945.0,29279342.0,6650,2236517.0,224704.0,59070.0,16895.0,44498.0,52697.0,203474.0,471.0,175.0,35.0,156.0,135.0,738.0,471.0,175.0,35.0,47.0,10.0,98.3,95.65,2.15,3.09,367.0,ACTUAL,,,,,,
2024-09,2580337.0,30964047.0,6933,2439945.0,180959.0,50590.0,11906.0,55065.0,52714.0,135675.0,388.0,179.0,29.0,163.0,134.0,651.0,388.0,179.0,29.0,39.0,16.0,97.66,95.58,2.02,2.26,372.0,ACTUAL,,,,,,
2024-10,2816223.0,33794676.0,7307,2580337.0,241742.0,69980.0,16951.0,39940.0,48619.0,240114.0,473.0,199.0,40.0,151.0,139.0,766.0,473.0,199.0,40.0,48.0,6.0,99.28,96.57,2.0,3.71,385.0,ACTUAL,,,,,,
2024-11,2979571.0,35754856.0,7554,2816223.0,193848.0,67822.0,17499.0,53429.0,66468.0,159273.0,380.0,214.0,36.0,171.0,169.0,680.0,380.0,214.0,36.0,48.0,2.0,98.15,95.74,2.31,2.33,394.0,ACTUAL,,,,,,
2024-12,3175179.0,38102148.0,7850,2979571.0,218476.0,76237.0,17337.0,52591.0,63850.0,195608.0,418.0,212.0,36.0,171.0,158.0,722.0,418.0,212.0,36.0,51.0,5.0,98.65,96.09,2.09,2.68,404.0,ACTUAL,,,,,,
2025-01,3446222.0,41354669.0,8227,3175179.0,282974.0,91491.0,20843.0,58594.0,65670.0,271043.0,496.0,241.0,44.0,204.0,163.0,862.0,496.0,241.0,44.0,71.0,10.0,98.97,96.09,2.08,3.18,419.0,ACTUAL,,,,,,
2025-02,3598549.0,43182585.0,8517,3446222.0,203747.0,70439.0,14919.0,66989.0,69790.0,152326.0,421.0,271.0,31.0,219.0,162.0,805.0,421.0,270.0,31.0,63.0,20.0,98.07,96.03,1.97,2.11,423.0,ACTUAL,,,,,,
2025-03,3807735.0,45692819.0,8872,3598549.0,236690.0,71688.0,26464.0,42701.0,82955.0,209186.0,486.0,240.0,48.0,160.0,179.0,881.0,486.0,239.0,48.0,77.0,31.0,98.5,96.51,2.1,2.66,429.0,ACTUAL,,,,,,
2025-04,4088051.0,49056609.0,9135,3807735.0,229088.0,139762.0,27639.0,24961.0,91213.0,280316.0,439.0,278.0,44.0,76.0,220.0,818.0,439.0,278.0,44.0,36.0,21.0,100.62,96.95,2.48,3.41,448.0,ACTUAL,,,,,,
2025-05,4281526.0,51378313.0,9400,4088051.0,262954.0,144504.0,16406.0,121447.0,105105.0,197310.0,458.0,286.0,28.0,243.0,221.0,834.0,458.0,286.0,28.0,48.0,14.0,97.99,94.46,2.42,1.87,455.0,ACTUAL,,,,,,
2025-06,4432397.0,53188766.0,9629,4281526.0,213812.0,146853.0,17579.0,109172.0,117155.0,151917.0,429.0,299.0,37.0,228.0,237.0,818.0,429.0,299.0,37.0,38.0,15.0,98.14,94.71,2.52,1.67,460.0,ACTUAL,,,,,,
2025-07,4696382.0,56356589.0,9989,4432397.0,283303.0,166890.0,29677.0,107218.0,109812.0,262841.0,509.0,324.0,57.0,238.0,206.0,971.0,509.0,324.0,57.0,47.0,34.0,98.87,95.1,2.14,2.21,470.0,ACTUAL,,,,,,
2025-08,4871802.0,58461619.0,10189,4696382.0,216735.0,164100.0,23107.0,108034.0,120488.0,175419.0,391.0,337.0,39.0,272.0,230.0,857.0,391.0,337.0,39.0,54.0,36.0,98.63,95.13,2.3,1.77,478.0,ACTUAL,,,,,,
2025-09,5045011.0,60540136.0,10340,4871802.0,238073.0,134687.0,27124.0,100284.0,126390.0,173210.0,357.0,294.0,46.0,252.0,252.0,779.0,357.0,294.0,46.0,48.0,34.0,98.11,95.35,2.47,1.76,488.0,ACTUAL,,,,,,
2025-10,5290800.0,63489597.0,10619,5045011.0,257533.0,150776.0,47281.0,93615.0,116580.0,245395.0,424.0,343.0,78.0,253.0,223.0,951.0,424.0,343.0,78.0,88.0,18.0,98.82,95.83,2.16,2.17,498.0,ACTUAL,,,,,,
2025-11,5432862.0,65194342.0,10838,5290800.0,232729.0,150117.0,36596.0,123786.0,153593.0,142062.0,419.0,309.0,63.0,330.0,263.0,921.0,419.0,309.0,63.0,107.0,23.0,97.59,94.76,2.48,1.51,501.0,ACTUAL,,,,,,
2025-12,5647049.0,67764586.0,11157,5432862.0,270182.0,159555.0,33345.0,116356.0,132399.0,214326.0,487.0,322.0,60.0,274.0,228.0,987.0,487.0,321.0,60.0,88.0,31.0,98.36,95.42,2.1,1.86,506.0,ACTUAL,,,,,,
2026-01,5875968.0,70511620.0,11367,5647049.0,305702.0,169795.0,36798.0,104572.0,179000.0,228723.0,454.0,386.0,50.0,261.0,294.0,989.0,454.0,386.0,50.0,67.0,32.0,97.99,94.98,2.64,1.81,517.0,ACTUAL,,,,,,
2026-02,6028210.0,72338522.0,11497,5875968.0,256606.0,188832.0,54444.0,134309.0,213331.0,152242.0,449.0,409.0,59.0,295.0,378.0,1021.0,449.0,409.0,59.0,74.0,30.0,97.3,94.08,3.33,1.44,524.0,ACTUAL,,,,,,
2026-03,5715258.0,68583098.0,11103,6028210.0,19785.0,10868.0,7578.0,128445.0,222738.0,-312952.0,35.0,37.0,9.0,276.0,438.0,102.0,35.0,37.0,9.0,18.0,3.0,94.35,94.17,3.81,0.11,515.0,ACTUAL,,,,,,
2026-07 (projected),3878296.0,46539548.0,8014,5715258.0,,,,,,,,,,,,,,,,,,,,,,484.0,PROJECTED,3674991.0,112663.0,71515.0,19126.0,122442.0,205023.0
2026-08 (projected),3689645.0,44275737.0,7116,3878296.0,,,,,,,,,,,,,,,,,,,,,,518.0,PROJECTED,3339509.0,194031.0,123165.0,32940.0,122442.0,205023.0
2026-09 (projected),3384404.0,40612852.0,6565,3689645.0,,,,,,,,,,,,,,,,,,,,,,516.0,PROJECTED,3034268.0,194031.0,123165.0,32940.0,122442.0,205023.0
